# Blender 3.5.1
# www.blender.org
mtllib Junk Bolt action rifle.mtl
o Main
v 0.018855 -0.137877 0.097103
v 0.018855 -0.137877 -0.097103
v 0.018855 -0.137877 -0.068078
v 0.018855 -0.137877 0.068078
v 0.018855 -0.084076 0.068078
v 0.018855 -0.084076 -0.068078
v 0.134683 -0.084076 -0.068078
v 0.134683 -0.084076 0.068078
v 0.091647 -0.137877 0.097103
v 0.134683 -0.094841 0.097103
v 0.134683 -0.094841 -0.097103
v 0.091647 -0.137877 -0.097103
v 0.134683 -0.094841 0.068078
v 0.091647 -0.137877 0.068078
v 0.091647 -0.137877 -0.068078
v 0.134683 -0.094841 -0.068078
v 0.018855 -0.058290 0.097103
v 0.018855 -0.058290 -0.097103
v 0.134683 -0.058290 0.097103
v 0.134683 -0.058290 -0.097103
v 0.018855 -0.058290 0.068078
v 0.018855 -0.058290 -0.068078
v 0.134683 -0.058290 -0.068078
v 0.134683 -0.058290 0.068078
v -1.448484 -0.482048 0.057272
v -1.443723 -0.455223 0.057272
v -1.448484 -0.482048 -0.057272
v -1.443723 -0.455223 -0.057272
v -1.248026 -0.469854 0.057272
v -1.248952 -0.442625 0.057272
v -1.248026 -0.469854 -0.057272
v -1.248952 -0.442625 -0.057272
v -1.148777 -0.424438 0.057272
v -1.166366 -0.403632 0.057272
v -1.148777 -0.424438 -0.057272
v -1.166366 -0.403632 -0.057272
v -1.104060 -0.344784 0.057272
v -1.127645 -0.331146 0.057272
v -1.104060 -0.344784 -0.057272
v -1.127645 -0.331146 -0.057272
v -1.178134 -0.193556 0.057272
v -1.079838 -0.215362 -0.057272
v -1.178134 -0.193556 -0.057272
v -1.044205 -0.170051 0.057272
v -1.244718 -0.155543 0.057272
v -1.244718 -0.155543 -0.057272
v -1.545399 -0.455114 0.057272
v -1.524707 -0.437392 0.057272
v -1.545399 -0.455114 -0.057272
v -1.524707 -0.437392 -0.057272
v -1.608366 -0.374311 0.057272
v -1.583476 -0.363234 0.057272
v -1.608366 -0.374311 -0.057272
v -1.583476 -0.363234 -0.057272
v -1.683222 -0.229345 0.057272
v -1.567671 -0.226216 0.057272
v -1.683222 -0.229345 -0.057272
v -1.567671 -0.226216 -0.057272
v -1.804973 -0.220730 0.057272
v -1.516644 -0.174143 0.057272
v -1.804973 -0.220730 -0.057272
v -1.516644 -0.174143 -0.057272
v -1.646161 -0.277633 -0.057272
v -1.589562 -0.298362 -0.057272
v -1.589562 -0.298361 0.057272
v -1.646161 -0.277633 0.057272
v -1.043678 -0.188691 0.057272
v -1.242604 -0.170433 0.057272
v -1.043678 -0.188691 -0.057272
v -1.242604 -0.170433 -0.057272
v -0.918377 -0.180938 0.057272
v -0.918377 -0.180938 -0.057272
v -0.918958 -0.201205 0.057272
v -0.918958 -0.201205 -0.057272
v -1.763357 -0.213332 -0.000000
v -1.763357 -0.223675 -0.000000
v -1.748139 -0.210627 -0.026359
v -1.748139 -0.224752 -0.026359
v -1.748139 -0.210627 0.026359
v -1.748139 -0.224752 0.026359
v -1.717703 -0.205217 -0.026359
v -1.717703 -0.226905 -0.026359
v -1.717703 -0.205217 0.026359
v -1.717703 -0.226905 0.026359
v -1.024285 -0.171775 -0.026359
v -1.024285 -0.190637 -0.026359
v -1.039503 -0.170458 -0.000000
v -1.039503 -0.189110 -0.000000
v -1.024285 -0.171775 0.026359
v -1.024285 -0.190637 0.026359
v -1.702484 -0.202512 -0.000000
v -1.702484 -0.227982 -0.000000
v -0.993849 -0.174408 -0.026359
v -0.993849 -0.193691 -0.026359
v -0.993849 -0.174408 0.026359
v -0.993849 -0.193691 0.026359
v -0.978630 -0.175725 -0.000000
v -0.978630 -0.195218 -0.000000
v -1.667181 0.242606 0.098611
v -1.667182 0.265806 0.098611
v -1.212330 0.242606 0.123464
v -1.212330 0.265806 0.123464
v -1.724824 0.222498 0.098611
v -1.724824 0.245698 0.098611
v -1.212330 0.265806 0.098732
v -1.667182 0.265806 0.078857
v -1.724824 0.245698 0.078857
v -1.669971 0.280701 0.101255
v -1.215120 0.280700 0.126108
v -1.727614 0.260593 0.101255
v -1.215120 0.280700 0.101376
v -1.669971 0.280701 0.081502
v -1.727614 0.260593 0.081502
v -1.706244 0.252179 0.027263
v -1.667182 0.265806 0.027263
v -1.263954 0.265806 0.027263
v -1.271432 0.252179 0.027263
v -1.667181 0.242606 -0.098611
v -1.667182 0.265806 -0.098611
v -1.212330 0.242606 -0.123464
v -1.212330 0.265806 -0.123464
v -1.724824 0.222498 -0.098611
v -1.724824 0.245698 -0.098611
v -1.212330 0.265806 -0.098732
v -1.667182 0.265806 -0.078858
v -1.724824 0.245698 -0.078858
v -1.669971 0.280701 -0.101255
v -1.215120 0.280700 -0.126108
v -1.727614 0.260593 -0.101255
v -1.215120 0.280700 -0.101376
v -1.669971 0.280701 -0.081502
v -1.727614 0.260593 -0.081502
v -1.706244 0.252179 -0.027264
v -1.667182 0.265806 -0.027264
v -1.263954 0.265806 -0.027264
v -1.271432 0.252179 -0.027264
v -1.243937 0.265806 0.059768
v -1.243937 0.242606 0.076928
v -1.243937 0.265806 0.097351
v -1.243937 0.265806 0.121737
v -1.243937 0.242606 0.121737
v -1.243937 0.280700 0.100117
v -1.243937 0.280700 0.124533
v -1.394298 0.265806 0.059768
v -1.394298 0.242606 0.076928
v -1.394298 0.265806 0.090781
v -1.394298 0.265806 0.113521
v -1.394298 0.242606 0.113521
v -1.394298 0.280700 0.093547
v -1.394298 0.280700 0.116318
v 5.939864 0.366452 -0.078210
v 5.939864 0.421755 -0.055303
v 5.939864 0.444662 0.000000
v 5.939864 0.421755 0.055303
v 5.939864 0.366452 0.078210
v 5.939864 0.311149 0.055303
v 5.939864 0.288242 0.000000
v 5.939864 0.311149 -0.055303
v 0.791309 0.366454 -0.120874
v 0.791309 0.451925 -0.085471
v 0.791309 0.487328 -0.000001
v 0.791309 0.451925 0.085470
v 0.791309 0.366454 0.120873
v 0.791309 0.280984 0.085470
v 0.791309 0.245581 -0.000000
v 0.791309 0.280984 -0.085471
v 0.789234 0.366454 -0.142488
v 0.789234 0.467208 -0.100754
v 0.789234 0.508941 -0.000001
v 0.789234 0.467208 0.100753
v 0.789234 0.366454 0.142487
v 0.789234 0.265701 0.100753
v 0.789234 0.223967 -0.000000
v 0.789234 0.265701 -0.100754
v 0.529910 0.366454 -0.142488
v 0.529910 0.467208 -0.100754
v 0.529910 0.508941 -0.000001
v 0.529910 0.467208 0.100753
v 0.529910 0.366454 0.142487
v 0.529910 0.265700 0.100753
v 0.529910 0.223967 -0.000001
v 0.529910 0.265700 -0.100754
v 0.529910 0.366454 -0.137763
v 0.529910 0.463867 -0.097413
v 0.529910 0.504216 -0.000001
v 0.529910 0.463867 0.097412
v 0.529910 0.366454 0.137762
v 0.529910 0.269041 0.097412
v 0.529910 0.228692 -0.000001
v 0.529910 0.269041 -0.097413
v 0.526822 0.366454 -0.142621
v 0.526822 0.467302 -0.100849
v 0.526822 0.509075 -0.000001
v 0.526822 0.467302 0.100847
v 0.526822 0.366454 0.142620
v 0.526822 0.265606 0.100847
v 0.526822 0.223834 -0.000001
v 0.526822 0.265606 -0.100848
v 0.478574 0.366454 -0.142621
v 0.478574 0.467302 -0.100849
v 0.478574 0.509075 -0.000001
v 0.478574 0.467302 0.100847
v 0.478574 0.366454 0.142620
v 0.478574 0.265606 0.100847
v 0.478574 0.223834 -0.000001
v 0.478574 0.265606 -0.100848
v 0.478574 0.366454 -0.138423
v 0.478574 0.464334 -0.097880
v 0.478574 0.504877 -0.000001
v 0.478574 0.464334 0.097879
v 0.478574 0.366454 0.138422
v 0.478574 0.268574 0.097879
v 0.478574 0.228031 -0.000001
v 0.478574 0.268574 -0.097880
v 0.475358 0.366454 -0.138423
v 0.475358 0.464334 -0.097880
v 0.475358 0.504877 -0.000001
v 0.475358 0.464334 0.097879
v 0.475358 0.366454 0.138422
v 0.475357 0.268574 0.097879
v 0.475358 0.228031 -0.000001
v 0.475357 0.268574 -0.097880
v 0.475358 0.366454 -0.142629
v 0.475358 0.467307 -0.100854
v 0.475358 0.509082 -0.000001
v 0.475358 0.467307 0.100853
v 0.475358 0.366454 0.142628
v 0.475358 0.265601 0.130499
v 0.475358 0.223826 -0.000001
v 0.475358 0.265601 -0.130500
v -1.243965 0.366455 -0.142629
v -1.243965 0.467308 -0.100854
v -1.243965 0.509083 -0.000001
v -1.243965 0.467308 0.100852
v -1.243965 0.366455 0.142627
v -1.243965 0.265602 0.130498
v -1.243965 0.223827 -0.000001
v -1.243965 0.265602 -0.130500
v -1.243965 0.366455 -0.096899
v -1.243965 0.434972 -0.068518
v -1.243965 0.463353 -0.000001
v -1.243965 0.434972 0.068516
v -1.243965 0.366455 0.096897
v -1.243965 0.297938 0.068516
v -1.243965 0.269557 -0.000001
v -1.243965 0.297938 -0.068518
v -0.875733 0.366455 -0.096898
v -0.875733 0.434972 -0.068518
v -0.875733 0.463352 -0.000001
v -0.875733 0.434972 0.068516
v -0.875733 0.366455 0.096897
v -0.875733 0.297938 0.068516
v -0.875733 0.269557 -0.000001
v -0.875733 0.297938 -0.068518
v -0.875733 0.366455 -0.103067
v -0.875733 0.439334 -0.072880
v -0.875733 0.469521 -0.000001
v -0.875733 0.439334 0.072878
v -0.875733 0.366455 0.103065
v -0.875733 0.293576 0.072878
v -0.875733 0.293576 -0.072880
v 0.095566 0.366454 -0.103067
v 0.095566 0.439333 -0.072880
v 0.095566 0.469520 -0.000001
v 0.095566 0.439333 0.072878
v 0.095566 0.366454 0.103066
v 0.095566 0.293575 0.072878
v 0.095566 0.263387 -0.000001
v 0.095566 0.293575 -0.072880
v 0.095566 0.366454 -0.091357
v 0.095566 0.431052 -0.064599
v 0.095566 0.457809 -0.000001
v 0.095566 0.431052 0.064598
v 0.095566 0.366454 0.091355
v 0.095566 0.301855 0.064598
v 0.095566 0.275098 -0.000001
v 0.095566 0.301855 -0.064599
v 0.078891 0.366454 -0.091357
v 0.078891 0.431052 -0.064599
v 0.078891 0.457809 -0.000001
v 0.078891 0.431052 0.064598
v 0.078891 0.366454 0.091355
v 0.078891 0.301855 0.064598
v 0.078891 0.275098 -0.000001
v 0.078891 0.301855 -0.064599
v 0.078891 0.366454 -0.055600
v 0.078891 0.405768 -0.039315
v 0.078891 0.422053 -0.000001
v 0.078891 0.405768 0.039314
v 0.078891 0.366454 0.055599
v 0.078891 0.327139 0.039314
v 0.078891 0.310854 -0.000001
v 0.078891 0.327139 -0.039315
v 0.542224 0.366453 -0.055600
v 0.542224 0.405768 -0.039315
v 0.542225 0.422052 -0.000001
v 0.542224 0.405768 0.039314
v 0.542224 0.366453 0.055599
v 0.542224 0.327139 0.039314
v 0.542224 0.310854 -0.000001
v 0.542224 0.327139 -0.039315
v 0.684292 0.366453 -0.036526
v 0.684292 0.392280 -0.025828
v 0.684292 0.402978 -0.000001
v 0.684292 0.392280 0.025827
v 0.684292 0.366453 0.036525
v 0.684292 0.340626 0.025827
v 0.684292 0.329928 -0.000001
v 0.684292 0.340626 -0.025828
v 5.939962 0.366449 -0.036526
v 5.939962 0.392277 -0.025828
v 5.939963 0.402975 -0.000001
v 5.939962 0.392277 0.025827
v 5.939962 0.366449 0.036525
v 5.939962 0.340622 0.025827
v 5.939962 0.329924 -0.000000
v 5.939962 0.340622 -0.025828
v -0.069440 0.289364 0.062712
v -0.069440 0.289364 0.133356
v -0.797909 0.289364 0.062710
v -0.797909 0.289364 0.133356
v -0.022878 0.304516 0.135178
v -0.022877 0.304746 0.077505
v -0.055986 0.293575 0.072878
v -0.844472 0.304747 0.077505
v -0.844472 0.304516 0.135178
v -0.811365 0.293576 0.072878
v 0.005099 0.371879 0.140381
v 0.003218 0.366454 0.142628
v 0.005099 0.374470 0.099745
v 0.002319 0.366454 0.103066
v -0.872448 0.371879 0.140380
v -0.870567 0.366455 0.142627
v -0.872449 0.374471 0.099745
v -0.869669 0.366455 0.103065
v -0.872449 0.456629 -0.105278
v -0.872449 0.467308 -0.100854
v -0.872448 0.440872 -0.069165
v -0.872449 0.439334 0.072878
v -0.869553 0.439334 -0.072880
v -0.844164 0.430493 -0.116103
v -0.844165 0.415874 -0.082597
v 0.005099 0.456629 -0.105277
v 0.005098 0.467308 -0.100854
v 0.005098 0.440872 -0.069164
v 0.005099 0.439333 0.072878
v 0.002203 0.439333 -0.072880
v 0.005098 0.509082 -0.000001
v 0.005099 0.469520 -0.000001
v 0.005098 0.467308 0.100853
v -0.872449 0.509083 -0.000001
v -0.872449 0.469521 -0.000001
v -0.872449 0.467308 0.100853
v -0.023186 0.430493 -0.116103
v -0.023186 0.415873 -0.082597
v -0.875733 0.222126 0.090280
v -0.875733 0.191939 -0.010313
v -0.875733 0.222126 -0.110906
v -0.008427 0.222125 0.090280
v -0.008427 0.191938 -0.010313
v -0.008427 0.222125 -0.110906
v -0.069440 0.256589 0.068921
v -0.797909 0.256589 0.068919
v -0.055986 0.222125 0.090280
v -0.811365 0.222126 0.090280
v 0.205135 -0.091596 -0.051365
v 0.205135 0.027026 -0.051365
v 0.264446 -0.091596 -0.051365
v 0.264446 0.027026 -0.051365
v 0.294101 -0.091596 -0.000000
v 0.294101 0.027026 -0.000000
v 0.264446 -0.091596 0.051365
v 0.264446 0.027026 0.051365
v 0.205135 -0.091596 0.051365
v 0.205135 0.027026 0.051365
v 0.175480 -0.091596 -0.000000
v 0.175480 0.027026 -0.000000
v 0.250971 -0.091596 -0.028026
v -1.518399 -0.190167 -0.057272
v -1.518399 -0.190167 0.057272
v -1.744098 -0.225038 0.057272
v -1.744098 -0.225038 -0.057272
v -1.134047 -0.249513 0.057272
v -1.134047 -0.249513 -0.057272
v -1.079838 -0.215363 0.057272
v 0.278038 0.147693 0.121260
v 0.330245 0.126069 0.121260
v 0.351869 0.073862 0.121260
v 0.330245 0.021655 0.121260
v 0.278038 0.000031 0.121260
v 0.225831 0.021655 0.121260
v 0.204206 0.073862 0.121260
v 0.225831 0.126069 0.121260
v 0.278038 0.147693 -0.121260
v 0.330245 0.126069 -0.121260
v 0.351869 0.073862 -0.121260
v 0.330245 0.021655 -0.121260
v 0.278038 0.000030 -0.121260
v 0.225831 0.021655 -0.121260
v 0.204206 0.073862 -0.121260
v 0.225831 0.126069 -0.121260
v 0.025965 -0.069810 -0.091442
v 0.290867 -0.071192 -0.057957
v 0.331173 -0.073107 -0.000000
v 0.223811 -0.068005 -0.091442
v 0.025965 -0.069810 0.091442
v 0.223811 -0.068005 0.091442
v 0.290867 -0.071192 0.057957
v -1.395262 0.088471 0.131689
v -1.244201 0.088471 0.131689
v -1.377423 0.037522 0.141233
v -1.262041 0.037522 0.141233
v -1.319732 0.012259 0.145964
v -2.736581 -0.400649 0.134612
v -2.825637 -0.667418 0.134612
v -2.529136 -0.083086 0.134612
v -1.252679 -0.065983 0.183112
v -1.252679 -0.162846 0.095417
v -0.914065 -0.198349 0.140060
v -0.914065 -0.149436 0.183112
v 0.254862 -0.140284 0.095417
v 0.254862 -0.043421 0.183112
v 3.005610 -0.005185 0.044083
v 3.007243 0.091678 0.131749
v 0.055890 -0.148228 0.140060
v 0.055890 -0.099314 0.183112
v 3.132221 0.043905 0.019801
v 3.131584 0.140768 0.107846
v 3.165884 0.188709 0.073077
v -1.620099 -0.191353 0.068922
v -1.907524 -0.152094 0.134612
v -1.870324 -0.238864 0.050884
v -2.135529 -0.249807 0.134612
v -2.092083 -0.338092 0.046917
v -2.378184 -0.485991 0.134612
v -2.270402 -0.511656 0.046917
v -2.412950 -0.808446 0.046917
v -2.516124 -0.773188 0.134612
v -1.677112 0.283017 0.106388
v -1.670423 0.227361 0.156617
v -2.038197 0.172157 0.084382
v -2.263655 0.010561 0.134611
v -2.288116 0.060268 0.084382
v -2.411353 -0.013031 0.134611
v -0.881906 0.283016 0.183112
v -0.808070 0.283016 0.146371
v -0.813315 0.234370 0.183112
v 0.005887 0.234370 0.183112
v 0.005887 0.283016 0.146371
v 0.042467 0.348856 0.146371
v 0.044484 0.303840 0.183112
v -0.849515 0.246621 0.183112
v -0.844988 0.283016 0.155274
v 0.154122 0.300854 0.183112
v 3.007243 0.300853 0.131749
v 3.006432 0.348855 0.088177
v 3.131584 0.243317 0.107846
v 3.131901 0.291318 0.064095
v 3.166892 0.243377 0.029098
v 3.165884 0.195376 0.073077
v 0.154122 0.348856 0.119991
v 0.005887 0.283016 0.120106
v 0.042467 0.348856 0.120263
v -1.732679 0.265956 0.062302
v -1.677112 0.283017 0.094757
v -1.716087 0.248347 0.058570
v -1.660520 0.265407 0.091025
v -1.719698 0.252179 0.027263
v -1.777553 0.252179 0.027263
v -1.732679 0.265956 0.027263
v 1.262481 0.348855 -0.000000
v 3.167558 0.091846 -0.000000
v -1.620099 -0.191353 -0.000000
v -2.736581 -0.400649 -0.134611
v -2.529136 -0.083086 -0.134612
v -1.252679 -0.065983 -0.183112
v -1.252679 -0.162846 -0.095417
v -0.914065 -0.149436 -0.183112
v -1.069572 -0.182643 -0.112399
v 0.254862 -0.140284 -0.095417
v 0.254862 -0.043421 -0.183112
v 3.005610 -0.005185 -0.044083
v 3.007243 0.091678 -0.131749
v 0.055890 -0.148228 -0.140060
v 0.055890 -0.099314 -0.183112
v 3.132221 0.043905 -0.019801
v 3.131584 0.140768 -0.107846
v 3.165884 0.188709 -0.073077
v -1.620099 -0.191353 -0.068922
v -1.907524 -0.152094 -0.134612
v -1.870324 -0.238864 -0.050884
v -2.135529 -0.249807 -0.134612
v -2.092083 -0.338092 -0.046917
v -2.378184 -0.485991 -0.134611
v -2.270402 -0.511656 -0.046917
v -2.412950 -0.808446 -0.046916
v -2.516124 -0.773188 -0.134611
v -1.677112 0.283017 -0.106388
v -1.670423 0.227361 -0.156617
v -1.252679 0.283016 -0.183112
v -2.038197 0.172157 -0.084382
v -2.263655 0.010561 -0.134612
v -2.288116 0.060268 -0.084382
v -2.411353 -0.013031 -0.134612
v -0.914065 -0.198349 -0.140060
v -0.808070 0.283016 -0.146372
v -0.813315 0.234370 -0.183112
v 0.005887 0.234370 -0.183112
v 0.005887 0.283016 -0.146372
v 0.042467 0.348856 -0.146372
v -0.849515 0.246621 -0.183112
v -0.844988 0.283016 -0.155274
v -0.881896 0.283016 -0.183112
v 0.154122 0.300854 -0.183112
v 3.007243 0.300853 -0.131749
v 3.006432 0.348855 -0.088178
v 3.131584 0.243317 -0.107846
v 3.131901 0.291318 -0.064095
v 3.166892 0.243377 -0.029098
v 3.165884 0.195376 -0.073077
v 0.044484 0.303840 -0.183112
v 0.154122 0.348856 -0.119991
v 0.005887 0.283016 -0.120106
v 0.042467 0.348856 -0.120263
v -2.825637 -0.667418 -0.134611
v -1.732679 0.265956 -0.062302
v -1.240510 0.283016 -0.126702
v -1.677112 0.283017 -0.094757
v -1.716087 0.248347 -0.058570
v -1.223918 0.265407 -0.122970
v -1.660520 0.265407 -0.091025
v -1.719698 0.252179 -0.027264
v -1.777553 0.252179 -0.027264
v -1.732679 0.265956 -0.027264
v -1.319732 0.011507 0.178859
v -1.377423 0.037210 0.175200
v -1.262041 0.037210 0.182518
v -1.395262 0.089045 0.174069
v -1.244201 0.089045 0.183112
v -1.395262 0.265407 0.110433
v -1.395262 0.283016 0.115379
v -1.395262 0.283016 0.157337
v -1.395262 0.264020 0.174069
v -1.244201 0.283016 0.126432
v -1.244201 0.283016 0.183112
v -1.244201 0.265407 0.121486
v -1.395262 0.243152 0.075588
v -1.244201 0.243152 0.075588
v -1.417015 0.283016 0.113787
v -1.567049 0.283017 0.102810
v -1.565764 0.283017 0.123807
v -1.418830 0.283017 0.134109
v -1.417015 0.190314 0.113787
v -1.567049 0.190314 0.102810
v -1.565764 0.190314 0.123807
v -1.418830 0.190314 0.134109
v 0.007068 -0.150751 0.091442
v 0.007068 -0.150751 -0.091442
v 0.235991 -0.141038 -0.091442
v 0.235991 -0.141038 0.091442
v 0.341665 -0.136020 -0.000000
v -0.914065 -0.198349 -0.095682
v -0.918950 -0.197856 -0.090783
v -0.918950 -0.197856 0.090783
v -0.914065 -0.198349 0.095682
v -0.885863 -0.196892 0.123818
v -0.885862 -0.196892 -0.123818
v 0.007068 -0.150751 -0.123818
v 0.007068 -0.150751 0.123818
v 0.301996 -0.137988 -0.057957
v 0.301996 -0.137988 0.057957
v -1.776231 -0.220998 -0.041881
v -1.681412 -0.202995 -0.042406
v -1.769361 -0.219694 0.036052
v -1.677322 -0.202218 0.037644
v -1.030441 -0.186595 0.036864
v -0.966115 -0.193092 0.030797
v -0.970541 -0.192645 -0.032209
v -1.053042 -0.184312 -0.034180
v 0.111195 0.238299 -0.123818
v 0.111195 0.238299 0.123818
v -0.883093 0.236814 -0.123818
v -0.916221 0.236759 -0.090783
v -0.916221 0.236759 0.090783
v -0.883093 0.236814 0.123818
v 0.351869 0.073862 0.180748
v 0.330245 0.021655 0.181412
v 0.204206 0.073862 0.183112
v 0.225831 0.021655 0.183112
v 0.237197 0.016947 0.183112
v 0.278038 0.000031 0.182466
v 0.278038 0.147693 -0.181688
v 0.330245 0.126069 -0.180862
v 0.351869 0.073862 -0.180748
v 0.330245 0.021655 -0.181412
v 0.330245 0.126069 0.180862
v 0.278038 0.147694 0.181688
v 0.225831 0.126069 0.182742
v 0.213780 0.096975 0.183112
v 0.237197 0.016947 -0.183112
v 0.225831 0.021655 -0.183112
v 0.278038 0.000030 -0.182466
v 0.225831 0.126069 -0.182742
v 0.213780 0.096975 -0.183112
v 0.204206 0.073862 -0.183112
v -1.565413 0.194955 0.122206
v -1.565315 0.338031 0.122211
v -1.564779 0.194955 0.108239
v -1.530395 0.194931 0.123796
v -1.530298 0.338007 0.123800
v -1.529761 0.194931 0.109829
v -1.565127 0.338031 0.118051
v -1.564698 0.313418 0.108243
v -1.529681 0.313395 0.109832
v -1.530109 0.338007 0.119640
v -1.547377 0.371770 0.118474
v -1.548199 0.371770 0.136592
v -1.517420 0.354456 0.119834
v -1.518242 0.354456 0.137952
v -1.517420 0.319829 0.119834
v -1.518242 0.319829 0.137952
v -1.547377 0.302516 0.118474
v -1.548200 0.302516 0.136592
v -1.577334 0.319829 0.117115
v -1.578157 0.319829 0.135233
v -1.577334 0.354456 0.117115
v -1.578157 0.354456 0.135233
v 0.238532 0.068580 0.156058
v 0.251664 0.060998 0.156058
v 0.251664 0.045833 0.156058
v 0.238532 0.038251 0.156058
v 0.225399 0.045833 0.156058
v 0.225399 0.060998 0.156058
v 0.317243 0.107936 0.156058
v 0.330376 0.100353 0.156058
v 0.330376 0.085189 0.156058
v 0.317243 0.077607 0.156058
v 0.304110 0.085189 0.156058
v 0.304110 0.100353 0.156058
v 0.278038 0.147694 0.178194
v 0.330245 0.126069 0.178194
v 0.351869 0.073862 0.178194
v 0.330245 0.021655 0.178194
v 0.278038 0.000031 0.178194
v 0.225831 0.021655 0.178194
v 0.204206 0.073862 0.178194
v 0.225831 0.126069 0.178194
v 0.278038 0.147693 0.099335
v 0.330245 0.126069 0.099335
v 0.351869 0.073862 0.099335
v 0.330245 0.021655 0.099335
v 0.278038 0.000031 0.099335
v 0.225831 0.021655 0.099335
v 0.204206 0.073862 0.099335
v 0.225831 0.126069 0.099335
v 0.238532 0.068580 0.178194
v 0.225399 0.060998 0.178194
v 0.225399 0.045833 0.178194
v 0.238532 0.038251 0.178194
v 0.251664 0.060998 0.178194
v 0.251664 0.045833 0.178194
v 0.317243 0.107936 0.178194
v 0.304110 0.100353 0.178194
v 0.304110 0.085189 0.178194
v 0.317243 0.077607 0.178194
v 0.330376 0.100353 0.178194
v 0.330376 0.085189 0.178194
v 0.238532 0.068580 -0.156058
v 0.251664 0.060998 -0.156058
v 0.251664 0.045833 -0.156058
v 0.238532 0.038251 -0.156058
v 0.225399 0.045833 -0.156058
v 0.225399 0.060998 -0.156058
v 0.317243 0.107936 -0.156058
v 0.330376 0.100353 -0.156058
v 0.330376 0.085189 -0.156058
v 0.317243 0.077607 -0.156058
v 0.304110 0.085189 -0.156058
v 0.304110 0.100353 -0.156058
v 0.278038 0.147693 -0.178194
v 0.330245 0.126069 -0.178194
v 0.351869 0.073862 -0.178194
v 0.330245 0.021655 -0.178194
v 0.278038 0.000030 -0.178194
v 0.225831 0.021655 -0.178194
v 0.204206 0.073862 -0.178194
v 0.225831 0.126069 -0.178194
v 0.278038 0.147693 -0.099335
v 0.330245 0.126069 -0.099335
v 0.351869 0.073862 -0.099335
v 0.330245 0.021655 -0.099335
v 0.278038 0.000030 -0.099335
v 0.225831 0.021655 -0.099335
v 0.204206 0.073862 -0.099335
v 0.225831 0.126069 -0.099335
v 0.238532 0.068580 -0.178194
v 0.225399 0.060998 -0.178194
v 0.225399 0.045833 -0.178194
v 0.238532 0.038251 -0.178194
v 0.251664 0.060998 -0.178194
v 0.251664 0.045833 -0.178194
v 0.317243 0.107936 -0.178194
v 0.304110 0.100353 -0.178194
v 0.304110 0.085189 -0.178194
v 0.317243 0.077607 -0.178194
v 0.330376 0.100353 -0.178194
v 0.330376 0.085189 -0.178194
v -1.576284 0.254895 0.024725
v -1.576284 0.333043 0.024725
v -1.576284 0.254895 -0.024725
v -1.576284 0.333043 -0.024725
v -1.421143 0.254895 0.024725
v -1.421143 0.333043 0.024725
v -1.421143 0.254895 -0.024725
v -1.421143 0.333043 -0.024725
v -1.529032 0.254895 -0.024725
v -1.529032 0.254895 0.024725
v -1.509140 0.254895 0.024725
v -1.529032 0.267318 0.024725
v -1.529032 0.267318 -0.024725
v -1.509140 0.254895 -0.024725
v -1.473436 0.366455 -0.043383
v -1.473436 0.397131 -0.030677
v -1.473436 0.409838 -0.000000
v -1.473436 0.397131 0.030676
v -1.473436 0.366455 0.043383
v -1.473436 0.335778 0.030676
v -1.473436 0.323072 -0.000000
v -1.473436 0.335778 -0.030677
v -1.578459 0.366455 -0.043383
v -1.578459 0.397131 -0.030677
v -1.578458 0.409838 -0.000000
v -1.578459 0.397131 0.030676
v -1.578459 0.366455 0.043383
v -1.578459 0.335778 0.030676
v -1.578459 0.323072 -0.000000
v -1.578459 0.335778 -0.030677
v -1.597501 0.366455 -0.032865
v -1.597501 0.389694 -0.023239
v -1.597501 0.399320 -0.000000
v -1.597501 0.389694 0.023239
v -1.597501 0.366455 0.032865
v -1.597501 0.343215 0.023239
v -1.597501 0.333589 -0.000000
v -1.597501 0.343215 -0.023239
v 0.017139 0.366454 -0.093598
v -1.234525 0.366455 -0.093598
v 0.017139 0.432638 -0.066184
v -1.234525 0.432639 -0.066184
v 0.017139 0.460052 -0.000000
v -1.234525 0.460053 -0.000000
v 0.017139 0.432638 0.066184
v -1.234525 0.432639 0.066184
v 0.017139 0.366454 0.093598
v -1.234525 0.366455 0.093598
v 0.017139 0.300270 0.066184
v -1.234525 0.300271 0.066184
v 0.017139 0.272856 -0.000000
v -1.234525 0.272856 -0.000000
v 0.017139 0.300270 -0.066184
v -1.234525 0.300271 -0.066184
v 0.017139 0.366454 -0.067254
v 0.017139 0.414010 -0.047556
v 0.017139 0.433708 -0.000000
v 0.017139 0.414010 0.047556
v 0.017139 0.366454 0.067254
v 0.017139 0.318898 0.047556
v 0.017139 0.299200 -0.000000
v 0.017139 0.318898 -0.047556
v 0.039430 0.366454 -0.067254
v 0.039430 0.414010 -0.047556
v 0.039430 0.433708 -0.000000
v 0.039430 0.414010 0.047556
v 0.039430 0.366454 0.067254
v 0.039430 0.318898 0.047556
v 0.039430 0.299200 -0.000000
v 0.039430 0.318898 -0.047556
v 0.039430 0.366454 -0.090085
v 0.039430 0.430154 -0.063699
v 0.039430 0.456539 -0.000000
v 0.039430 0.430154 0.063699
v 0.039430 0.366454 0.090085
v 0.039430 0.302755 0.063699
v 0.039430 0.276370 -0.000000
v 0.039430 0.302755 -0.063699
v 0.090589 0.366454 -0.090085
v 0.090589 0.430154 -0.063699
v 0.090589 0.456539 -0.000000
v 0.090589 0.430154 0.063699
v 0.090589 0.366454 0.090085
v 0.090589 0.302755 0.063699
v 0.090589 0.276370 -0.000000
v 0.090589 0.302755 -0.063699
v 0.090589 0.366454 -0.065069
v 0.090589 0.412465 -0.046011
v 0.090589 0.431523 -0.000000
v 0.090589 0.412465 0.046010
v 0.090589 0.366454 0.065069
v 0.090589 0.320444 0.046010
v 0.090589 0.301385 -0.000000
v 0.090589 0.320444 -0.046010
v 0.071315 0.366454 -0.065069
v 0.071315 0.412465 -0.046011
v 0.071315 0.431523 -0.000000
v 0.071315 0.412465 0.046010
v 0.071315 0.366454 0.065069
v 0.071315 0.320444 0.046010
v 0.071315 0.301385 -0.000000
v 0.071315 0.320444 -0.046010
v 0.071315 0.366454 -0.011236
v 0.071315 0.374399 -0.007945
v 0.071315 0.377690 -0.000000
v 0.071315 0.374399 0.007945
v 0.071315 0.366454 0.011236
v 0.071315 0.358509 0.007945
v 0.071315 0.355218 -0.000000
v 0.071315 0.358509 -0.007945
v -0.114584 0.366454 -0.011236
v -0.114584 0.374399 -0.007945
v -0.114584 0.377690 -0.000000
v -0.114584 0.374399 0.007945
v -0.114584 0.366454 0.011236
v -0.114584 0.358509 0.007945
v -0.114584 0.355218 -0.000000
v -0.114584 0.358509 -0.007945
v -1.234525 0.366455 -0.082890
v -1.234525 0.425067 -0.058612
v -1.234525 0.449344 -0.000000
v -1.234525 0.425067 0.058612
v -1.234525 0.366455 0.082890
v -1.234525 0.307843 0.058612
v -1.234525 0.283565 -0.000000
v -1.234525 0.307843 -0.058612
v -1.263081 0.366455 -0.082890
v -1.263081 0.425067 -0.058612
v -1.263081 0.449344 -0.000000
v -1.263081 0.425067 0.058612
v -1.263081 0.366455 0.082890
v -1.263081 0.307843 0.058612
v -1.263081 0.283565 -0.000000
v -1.263081 0.307843 -0.058612
v -1.524424 -0.228878 0.031834
v -1.492071 -0.172376 0.031834
v -1.524424 -0.228878 -0.031834
v -1.492071 -0.172376 -0.031834
v -1.480652 -0.236834 0.031834
v -1.433978 -0.172376 0.031834
v -1.480652 -0.236834 -0.031834
v -1.433978 -0.172376 -0.031834
v -1.535934 -0.289640 0.031834
v -1.535934 -0.289640 -0.031834
v -1.504136 -0.292572 0.031834
v -1.504136 -0.292572 -0.031834
v -1.514333 -0.368823 0.031834
v -1.514333 -0.368823 -0.031834
v -1.491620 -0.356689 0.031834
v -1.491620 -0.356689 -0.031834
v -1.467477 -0.417813 0.031834
v -1.467477 -0.417813 -0.031834
v -1.460481 -0.402662 0.031834
v -1.460481 -0.402662 -0.031834
v 0.063375 -0.109276 0.057495
v 0.019205 -0.056878 0.057495
v 0.063375 -0.109276 -0.057495
v 0.019205 -0.056878 -0.057495
v 0.079768 -0.095457 0.057495
v 0.035598 -0.043059 0.057495
v 0.079768 -0.095457 -0.057495
v 0.035598 -0.043059 -0.057495
v 0.062763 -0.128152 0.057495
v 0.062763 -0.128152 -0.057495
v 0.098475 -0.098048 0.057495
v 0.098475 -0.098048 -0.057495
v 0.079214 -0.147668 0.057495
v 0.079214 -0.147668 -0.057495
v 0.114926 -0.117564 0.057495
v 0.114926 -0.117564 -0.057495
v 0.095342 -0.152434 0.057495
v 0.095342 -0.152434 -0.057495
v 0.116895 -0.134265 0.057495
v 0.116895 -0.134265 -0.057495
v 0.218610 -0.091596 -0.028026
v 0.267152 -0.091596 -0.000000
v 0.250971 -0.091596 0.028026
v 0.218610 -0.091596 0.028026
v 0.202429 -0.091596 -0.000000
v 0.218610 -0.105366 -0.028026
v 0.250971 -0.105366 -0.028026
v 0.267152 -0.105366 -0.000000
v 0.250971 -0.105366 0.028026
v 0.218610 -0.105366 0.028026
v 0.202429 -0.105366 -0.000000
v -1.746666 -0.222419 -0.023808
v -1.719175 -0.222419 -0.023808
v -1.705430 -0.222419 -0.000000
v -1.719175 -0.222419 0.023808
v -1.746666 -0.222419 0.023808
v -1.760412 -0.222419 -0.000000
v -1.022600 -0.187092 -0.023441
v -0.995533 -0.187092 -0.023441
v -0.982000 -0.187092 -0.000000
v -0.995533 -0.187092 0.023440
v -1.022600 -0.187092 0.023440
v -1.036133 -0.187092 -0.000000
v -1.022600 -0.146099 -0.023441
v -0.995533 -0.146099 -0.023441
v -0.982000 -0.146099 -0.000000
v -0.995533 -0.146099 0.023440
v -1.022600 -0.146099 0.023440
v -1.036133 -0.146099 -0.000000
v -1.029125 -0.129791 -0.034743
v -0.989008 -0.129791 -0.034743
v -0.968949 -0.129791 -0.000000
v -0.989008 -0.129791 0.034743
v -1.029125 -0.129791 0.034743
v -1.049184 -0.129791 -0.000000
v -1.029125 -0.149266 -0.034743
v -0.989008 -0.149267 -0.034743
v -0.968949 -0.149267 -0.000000
v -0.989008 -0.149266 0.034743
v -1.029125 -0.149266 0.034743
v -1.049184 -0.149266 -0.000000
v -1.746666 -0.180496 -0.023808
v -1.719175 -0.180496 -0.023808
v -1.705430 -0.180496 -0.000000
v -1.719175 -0.180496 0.023808
v -1.746666 -0.180496 0.023808
v -1.760412 -0.180496 -0.000000
v -1.752461 -0.164685 -0.033845
v -1.713381 -0.164685 -0.033845
v -1.693841 -0.164685 -0.000000
v -1.713381 -0.164685 0.033845
v -1.752461 -0.164685 0.033845
v -1.772001 -0.164685 -0.000000
v -1.752461 -0.183248 -0.033845
v -1.713381 -0.183248 -0.033845
v -1.693841 -0.183248 -0.000000
v -1.713381 -0.183248 0.033845
v -1.752461 -0.183248 0.033845
v -1.772001 -0.183248 -0.000000
vn 0.9239 -0.3827 -0.0000
vn 0.0441 0.9230 0.3823
vn -0.0000 0.9239 0.3827
vn -0.0546 -0.0000 0.9985
vn -0.0000 -0.0000 1.0000
vn -0.0000 -0.0000 -1.0000
vn -0.0000 1.0000 -0.0000
vn 0.0003 1.0000 0.0009
vn 0.9215 -0.3883 -0.0000
vn 0.3827 0.9239 -0.0000
vn 0.4995 0.8660 0.0227
vn -0.0000 -0.4698 0.8828
vn -0.8660 -0.0000 -0.5000
vn 0.8239 0.5236 -0.2169
vn 0.7837 0.6211 -0.0000
vn -0.0000 -1.0000 -0.0000
vn -1.0000 -0.0000 -0.0000
vn -0.0000 0.3827 -0.9239
vn -0.0000 0.6027 -0.7980
vn 0.0862 0.9963 -0.0000
vn 0.8660 -0.0000 0.5000
vn -0.0000 0.3827 0.9239
vn -0.4086 0.9127 -0.0000
vn -0.0000 -0.3827 -0.9239
vn -0.4995 0.8660 -0.0227
vn -0.3294 0.9442 -0.0000
vn -0.0000 0.9239 -0.3827
vn -0.3827 0.9239 -0.0000
vn 0.3827 -0.9239 -0.0000
vn -0.0000 -0.9239 -0.3827
vn -0.0536 -0.1843 -0.9814
vn -0.0645 0.9979 -0.0000
vn 0.5000 0.8660 -0.0000
vn 0.7119 -0.0000 -0.7023
vn 0.7127 0.0011 -0.7015
vn -0.8678 0.4969 -0.0000
vn 0.8660 -0.0000 -0.5000
vn -0.8767 0.4811 -0.0000
vn 1.0000 -0.0000 -0.0000
vn 0.0699 -0.0000 -0.9976
vn 0.4161 -0.9093 -0.0000
vn -0.7227 -0.6912 -0.0000
vn -0.8660 -0.0000 0.5000
vn -0.1545 0.9879 0.0122
vn -0.1509 0.9885 -0.0000
vn -0.1593 0.9862 -0.0450
vn 0.9931 0.1171 -0.0000
vn -0.7072 0.6480 0.2827
vn 0.9990 -0.0000 0.0453
vn 0.9829 -0.1840 -0.0000
vn 0.0429 0.1824 -0.9823
vn -0.0572 0.1641 -0.9848
vn -0.4270 0.9043 -0.0000
vn 0.0429 0.1824 0.9823
vn 0.8238 -0.2169 -0.5237
vn -0.1343 0.6544 0.7441
vn -0.1344 0.6550 0.7436
vn -0.1349 0.6547 0.7437
vn 0.2150 0.9766 -0.0000
vn -0.5000 0.8660 -0.0000
vn 0.8239 -0.5237 0.2169
vn 0.9239 0.3827 -0.0000
vn -0.4545 0.3409 -0.8229
vn 0.5936 -0.8048 -0.0000
vn -0.0000 -0.3827 0.9239
vn -0.0475 -0.9989 -0.0000
vn -0.2290 -0.9644 0.1322
vn 0.0021 0.0003 1.0000
vn -0.9995 0.0324 -0.0000
vn 0.7646 0.6445 -0.0000
vn -0.0000 -0.9644 -0.2645
vn -0.0000 -0.9239 0.3827
vn 0.0453 -0.0000 -0.9990
vn 0.1904 -0.0000 -0.9817
vn 0.1892 0.0017 -0.9819
vn 0.1881 0.0022 -0.9821
vn -0.1231 0.9169 -0.3798
vn -0.1231 -0.3798 -0.9169
vn -0.4545 -0.3409 0.8229
vn 0.3188 0.9478 0.0043
vn 0.3202 0.9473 0.0038
vn 0.3093 0.9509 -0.0026
vn -0.4086 0.9124 0.0228
vn -0.4006 0.9162 0.0069
vn -0.4020 0.9156 0.0062
vn -0.0453 -0.0000 0.9990
vn -0.0009 1.0000 0.0021
vn -0.0002 -0.2381 -0.9712
vn -0.0000 -0.2366 -0.9716
vn -0.5328 0.8105 -0.2432
vn -0.5728 0.7573 -0.3137
vn -0.6124 0.7304 0.3025
vn -0.5660 0.7896 0.2370
vn -0.6239 -0.1460 -0.7678
vn -0.6835 -0.1727 -0.7092
vn -0.0000 -0.5268 -0.8500
vn 0.8100 -0.5865 -0.0000
vn 0.0424 0.3705 -0.9279
vn -0.1593 0.9862 0.0451
vn -0.1750 0.9846 -0.0000
vn -0.9242 0.3819 0.0003
vn -0.9239 0.3827 -0.0000
vn -0.9239 0.3826 -0.0011
vn 0.8239 0.2169 -0.5236
vn -0.9239 -0.3827 -0.0000
vn -0.9240 -0.3824 0.0009
vn 0.8118 0.5839 -0.0041
vn 0.8101 0.5862 0.0058
vn 0.8071 0.5902 0.0149
vn 0.3790 -0.6213 0.6858
vn 0.3722 -0.6268 0.6845
vn 0.3739 -0.6258 0.6845
vn -0.1005 -0.9949 -0.0000
vn 0.1955 0.5805 0.7904
vn 0.1912 0.5784 0.7931
vn 0.1900 -0.0015 0.9818
vn 0.1877 0.0010 0.9822
vn 0.1872 -0.0012 0.9823
vn 0.1865 -0.9824 -0.0000
vn 0.0478 -0.6717 0.7393
vn 0.0456 -0.6711 0.7400
vn 0.0463 -0.6728 0.7384
vn 0.9956 0.0934 -0.0000
vn 0.8071 -0.5903 -0.0054
vn 0.8061 -0.5918 0.0058
vn 0.8051 -0.5932 0.0059
vn 0.0021 -0.0014 1.0000
vn -0.0633 -0.0000 0.9980
vn -0.2678 -0.9635 -0.0000
vn 0.0461 -0.6731 -0.7381
vn 0.0457 -0.6711 -0.7400
vn 0.0456 -0.6693 -0.7416
vn 0.3792 -0.6212 -0.6858
vn 0.3723 -0.6265 -0.6848
vn 0.3739 -0.6258 -0.6845
vn 0.8537 -0.3042 -0.4227
vn 0.7978 -0.4027 -0.4488
vn 0.7977 -0.4014 -0.4500
vn -0.0009 -0.6746 0.7381
vn -0.0022 -0.6706 0.7418
vn 0.0800 -0.6742 0.7342
vn 0.4183 0.9083 0.0083
vn 0.4156 0.9095 -0.0077
vn 0.4115 0.9114 0.0021
vn 0.4770 -0.4900 0.7296
vn -0.1086 0.6797 0.7255
vn -0.8820 0.4712 -0.0000
vn 0.0473 0.6329 0.7728
vn 0.0183 0.6721 0.7402
vn 0.0133 0.6721 0.7403
vn -0.7933 -0.6089 -0.0000
vn 0.5307 0.4723 0.7038
vn -0.7353 0.4085 0.5409
vn 0.1954 0.5803 -0.7906
vn 0.1922 0.5785 -0.7927
vn 0.1912 0.5784 -0.7931
vn 0.4139 0.6138 -0.6722
vn 0.4099 0.6158 -0.6728
vn 0.4115 0.6164 -0.6714
vn 0.8597 0.3381 -0.3829
vn 0.8556 0.3457 -0.3853
vn 0.8552 0.3473 -0.3847
vn 0.9815 0.1916 -0.0000
vn -0.8741 0.4857 -0.0000
vn -0.4545 -0.3409 -0.8229
vn 0.0722 0.9974 -0.0000
vn 0.9435 0.3313 -0.0059
vn 0.9449 0.3272 0.0064
vn 0.9472 0.3208 0.0032
vn 0.9014 -0.4329 -0.0000
vn 0.0498 -0.9988 -0.0024
vn 0.0409 -0.9992 0.0021
vn 0.0432 -0.9991 0.0008
vn 0.1877 -0.6584 0.7289
vn 0.1912 -0.6485 0.7368
vn 0.1949 -0.6484 0.7360
vn 0.0007 -0.6723 -0.7403
vn -0.0024 -0.6757 -0.7372
vn 0.0734 -0.6679 -0.7406
vn 0.2598 -0.6106 0.7481
vn 0.2622 -0.6117 0.7464
vn 0.2623 -0.6120 0.7461
vn 0.4770 -0.4900 -0.7296
vn 0.4765 -0.4905 -0.7296
vn -0.1328 0.6551 -0.7438
vn -0.1344 0.6550 -0.7436
vn -0.1381 0.6539 -0.7439
vn -0.1086 0.6797 -0.7255
vn 0.5308 0.4722 -0.7037
vn -0.7353 0.4085 -0.5409
vn -0.0536 -0.1843 0.9814
vn 0.3612 -0.9325 -0.0052
vn 0.3604 -0.9328 0.0067
vn 0.3592 -0.9333 -0.0008
vn 0.0441 0.9230 -0.3823
vn 1.0000 -0.0010 0.0024
vn 1.0000 -0.0024 -0.0009
vn 1.0000 -0.0024 0.0010
vn -0.0706 -0.9975 -0.0000
vn 0.0703 0.2697 -0.9604
vn -0.9647 -0.2632 -0.0000
vn -0.2746 0.6133 0.7406
vn -0.2403 0.6348 0.7344
vn -0.9969 -0.0782 -0.0000
vn -0.7888 -0.6147 -0.0000
vn -0.4995 -0.8660 -0.0227
vn -0.1416 -0.6593 0.7384
vn -0.1937 -0.6520 0.7330
vn -0.1366 -0.6666 0.7328
vn 0.9946 -0.0955 0.0395
vn 0.9946 -0.0955 -0.0395
vn -0.4499 -0.0738 -0.8900
vn -0.4484 -0.0747 -0.8907
vn -0.4493 -0.0774 -0.8900
vn -0.2337 -0.9629 -0.1349
vn -0.2337 -0.9629 0.1349
vn 0.8720 -0.4895 -0.0000
vn -0.1231 -0.9169 -0.3798
vn -0.1231 0.3798 0.9169
vn 0.0441 -0.3823 -0.9230
vn -0.0000 -0.3830 -0.9238
vn -0.0006 -0.3827 -0.9239
vn 0.0703 0.2697 0.9604
vn -0.0017 0.3828 -0.9238
vn 0.9418 0.3354 0.0214
vn 0.9223 0.3860 0.0209
vn 0.1372 0.9905 -0.0000
vn -0.0000 -0.9629 0.2699
vn 0.9946 0.0955 -0.0395
vn 0.9946 0.0955 0.0395
vn -0.0000 0.6027 0.7980
vn 0.5905 -0.8071 -0.0000
vn 0.4995 -0.8660 0.0227
vn -0.1963 -0.6484 -0.7355
vn -0.1964 -0.6478 -0.7360
vn -0.1428 -0.6585 -0.7390
vn -0.9990 0.0007 -0.0453
vn -0.0014 -0.0016 -1.0000
vn 0.9946 -0.0395 -0.0955
vn 0.9946 0.0395 -0.0955
vn 0.8537 -0.3042 0.4227
vn 0.7978 -0.4027 0.4488
vn 0.7981 -0.4037 0.4473
vn 0.0035 0.3838 -0.9234
vn 0.0038 -0.2369 -0.9715
vn -0.9243 -0.3817 -0.0000
vn -0.3827 -0.9239 -0.0000
vn 0.0607 -0.9982 -0.0000
vn 0.7067 -0.0242 0.7071
vn 0.8239 0.5236 0.2169
vn 0.8238 -0.2169 0.5237
vn -0.9314 -0.3641 -0.0000
vn 0.7119 -0.0000 0.7023
vn 0.7116 -0.0014 0.7026
vn -1.0000 -0.0000 -0.0001
vn -0.2935 0.9560 -0.0000
vn 0.0341 -0.6575 0.7527
vn 0.0341 -0.6603 0.7502
vn 0.5674 -0.2725 0.7771
vn -0.4545 0.8229 0.3409
vn -0.2746 0.6133 -0.7406
vn -0.2380 0.6283 -0.7407
vn 0.9569 -0.2903 -0.0000
vn 0.7071 -0.7071 -0.0000
vn 0.3274 0.4809 -0.8134
vn 0.5000 -0.8660 -0.0000
vn 0.9829 0.1841 -0.0000
vn 0.0441 0.3823 0.9230
vn -0.5000 -0.8660 -0.0000
vn 0.2622 -0.6120 -0.7461
vn 0.2598 -0.6105 -0.7482
vn 0.2587 -0.6112 -0.7480
vn -0.0572 0.1641 0.9848
vn -0.4545 -0.8229 -0.3409
vn -0.5297 -0.8482 -0.0000
vn 0.0785 -0.9969 0.0017
vn 0.0774 -0.9970 -0.0000
vn -0.4545 0.8229 -0.3409
vn -0.5112 0.8595 -0.0000
vn -0.4545 -0.8229 0.3409
vn -0.4545 0.3409 0.8229
vn 0.5674 -0.2725 -0.7771
vn -0.8155 -0.1359 -0.5626
vn -0.8172 -0.1353 -0.5602
vn -0.0000 0.5947 0.8040
vn 0.0341 -0.6603 -0.7502
vn 0.0309 -0.6604 -0.7503
vn -0.0006 1.0000 -0.0006
vn -0.7855 -0.6189 -0.0000
vn 0.7278 0.6858 -0.0000
vn -0.0000 0.3410 0.9401
vn -0.0007 -1.0000 -0.0000
vn -0.9829 -0.1841 -0.0000
vn 0.9981 -0.0000 -0.0611
vn -0.8154 -0.1360 0.5627
vn -0.8148 -0.1389 0.5629
vn 0.8280 0.5608 -0.0000
vn 0.0441 -0.9230 -0.3823
vn 0.0002 -0.9242 -0.3820
vn -0.4484 -0.0747 0.8907
vn -0.4486 -0.0761 0.8905
vn -0.4461 -0.0734 0.8920
vn 0.9079 -0.4192 -0.0000
vn -0.2834 -0.9590 -0.0000
vn 0.0008 -0.3822 0.9241
vn 0.0441 -0.3822 0.9230
vn 0.0005 -0.3830 0.9238
vn -0.0000 -0.9644 0.2645
vn -0.2290 -0.9644 -0.1322
vn 0.2337 -0.9629 0.1349
vn 0.2290 -0.9644 0.1322
vn -0.0000 -0.9629 -0.2699
vn 0.6445 -0.7646 -0.0000
vn -0.6445 0.7646 -0.0000
vn -0.7646 -0.6445 -0.0000
vn -0.9960 -0.0000 -0.0890
vn -0.9418 0.3354 0.0214
vn -0.9260 0.3775 0.0015
vn 0.9997 -0.0000 -0.0229
vn 0.9997 0.0028 -0.0256
vn 0.9997 -0.0000 0.0229
vn -0.3181 0.9481 0.0041
vn -0.3202 0.9473 0.0038
vn -0.3018 0.9534 -0.0018
vn -0.1231 0.9169 0.3798
vn -0.1231 -0.3798 0.9169
vn -0.0998 -0.9950 -0.0000
vn -0.1231 0.3798 -0.9169
vn -0.3234 -0.9463 -0.0000
vn -0.0000 -0.3822 0.9241
vn 0.8238 0.2169 0.5237
vn 0.1853 -0.6595 -0.7285
vn 0.1900 -0.6505 -0.7354
vn 0.1939 -0.6467 -0.7377
vn -0.0023 -0.1192 0.9929
vn -0.0000 -0.1194 0.9928
vn -0.1231 -0.9169 0.3798
vn 0.7067 -0.0242 -0.7071
vn 0.7071 0.6481 0.2828
vn 0.0572 -0.1641 -0.9848
vn -0.0000 0.1841 0.9829
vn 0.0018 0.1842 0.9829
vn -0.9457 0.3251 0.0029
vn -0.9455 0.3255 -0.0036
vn -0.9439 0.3302 -0.0011
vn 0.0173 0.0066 0.9998
vn 0.0180 0.0053 0.9998
vn 0.0181 0.0039 0.9998
vn 0.4104 0.6174 0.6711
vn 0.4135 0.6103 0.6757
vn 0.4133 0.6130 0.6734
vn 0.8549 0.3482 0.3846
vn 0.8603 0.3340 0.3852
vn 0.8596 0.3353 0.3857
vn -0.9990 -0.0000 -0.0454
vn 0.9990 -0.0007 0.0453
vn 0.6975 -0.7166 -0.0000
vn 0.6976 -0.7165 0.0011
vn -0.0000 0.9166 0.3999
vn 0.0183 0.6721 -0.7402
vn 0.0473 0.6329 -0.7728
vn 0.0474 0.6329 -0.7728
vn 1.0000 0.0024 0.0010
vn 1.0000 0.0023 -0.0010
vn 0.6834 -0.1764 -0.7084
vn 0.6250 -0.1453 -0.7670
vn 0.3294 -0.9442 -0.0000
vn 0.0167 0.0045 -0.9999
vn 0.0184 0.0051 -0.9998
vn 0.1885 -0.9821 -0.0005
vn 0.4082 -0.9129 0.0019
vn 0.4084 -0.9128 -0.0000
vn 0.4086 -0.9127 0.0019
vn 0.9946 0.0395 0.0955
vn 0.9946 -0.0395 0.0955
vn -0.0001 1.0000 0.0014
vn 0.3274 0.4809 0.8134
vn -0.0003 0.9238 0.3828
vn 0.0441 -0.9230 0.3823
vn 0.0441 0.3823 -0.9230
vn 0.0001 0.3824 -0.9240
vn 0.4037 0.9145 0.0254
vn 0.3989 0.9170 0.0076
vn 0.3996 0.9166 0.0104
vn -0.0000 -0.1861 -0.9825
vn 0.2290 -0.9644 -0.1322
vn 0.9996 -0.0287 -0.0000
vn -1.0000 -0.0001 0.0005
vn 0.0572 -0.1641 0.9848
vn -0.0000 -0.1194 -0.9928
vn 0.0007 1.0000 -0.0000
vn 0.8238 -0.5237 -0.2169
vn -0.3376 -0.9413 -0.0000
vn -0.9825 0.1861 -0.0000
vn 0.2337 -0.9629 -0.1349
vn 0.0714 -0.9974 -0.0000
vn -0.8364 0.5481 -0.0004
vn -0.8372 0.5469 -0.0000
vn -0.9485 0.3167 -0.0000
vn 0.0441 0.9230 0.3822
vn 0.8238 0.5237 -0.2169
vn -0.0001 0.6031 -0.7977
vn 0.0905 0.9959 -0.0000
vn 0.7118 -0.0000 -0.7023
vn -0.1546 0.9879 0.0122
vn -0.1593 0.9862 -0.0451
vn -0.1545 0.9879 -0.0121
vn -0.1546 0.9879 -0.0122
vn -0.1545 0.9879 0.0121
vn -0.7071 0.6481 0.2828
vn 0.9990 -0.0000 0.0454
vn -0.1342 0.6543 0.7442
vn 0.8238 -0.5237 0.2169
vn 0.0091 -1.0000 -0.0000
vn 0.1888 -0.0000 -0.9820
vn 0.3003 0.9539 0.0006
vn 0.3002 0.9539 0.0006
vn 0.2987 0.9543 -0.0000
vn -0.4080 0.9128 0.0209
vn 0.0001 1.0000 -0.0023
vn 1.0000 -0.0038 0.0005
vn -0.6239 -0.1459 -0.7677
vn -0.6250 -0.1453 -0.7670
vn -0.6835 -0.1727 -0.7093
vn 0.8238 0.2169 -0.5237
vn 0.8093 0.5873 -0.0088
vn 0.8102 0.5862 0.0058
vn 0.3774 -0.6215 0.6865
vn -0.1059 -0.9944 -0.0012
vn -0.0999 -0.9950 0.0030
vn -0.1060 -0.9944 -0.0011
vn -0.1088 -0.9941 0.0015
vn -0.1006 -0.9949 0.0001
vn -0.1089 -0.9941 0.0015
vn 0.1955 0.5805 0.7905
vn 0.1963 0.5802 0.7905
vn 0.1912 0.5783 0.7931
vn 0.1900 -0.0016 0.9818
vn 0.1888 -0.0000 0.9820
vn 0.1857 -0.9826 -0.0018
vn 0.0485 -0.6207 0.7825
vn 0.0457 -0.6711 0.7400
vn 0.0004 -0.0008 1.0000
vn 0.0001 0.0009 1.0000
vn -0.0004 0.0015 1.0000
vn -0.0013 0.0007 1.0000
vn -0.0014 0.0007 1.0000
vn -0.0571 -0.0216 0.9981
vn -0.0596 -0.0011 0.9982
vn -0.0776 -0.0093 0.9969
vn -0.0668 -0.0011 0.9978
vn 0.0461 -0.6732 -0.7381
vn 0.0454 -0.6721 -0.7390
vn 0.0456 -0.6711 -0.7400
vn 0.3774 -0.6215 -0.6865
vn 0.0733 -0.6694 0.7393
vn -0.0009 -0.6746 0.7382
vn 0.0018 -0.6722 0.7404
vn 0.4156 0.9095 0.0077
vn 0.4773 -0.4897 0.7297
vn 0.0133 0.6722 0.7403
vn 0.0146 0.6730 0.7395
vn 0.0474 0.6329 0.7728
vn 0.1955 0.5803 -0.7906
vn 0.1963 0.5802 -0.7905
vn 0.4123 0.6111 -0.6757
vn 0.4099 0.6158 -0.6729
vn 0.8596 0.3353 -0.3857
vn 0.8556 0.3456 -0.3853
vn -0.0006 0.0013 -1.0000
vn -0.0654 0.0029 -0.9979
vn -0.0005 -0.0003 -1.0000
vn -0.0706 -0.0090 -0.9975
vn -0.0654 0.0030 -0.9979
vn 0.0008 0.0003 -1.0000
vn -0.0008 0.0001 -1.0000
vn 0.0004 -0.0015 -1.0000
vn 0.0899 0.9960 -0.0023
vn 0.0899 0.9959 -0.0023
vn 0.9435 0.3314 -0.0059
vn 0.9441 0.3297 -0.0045
vn 0.0516 -0.9987 -0.0000
vn 0.0484 -0.9988 -0.0000
vn 0.0421 -0.9991 -0.0109
vn 0.0491 -0.9988 0.0005
vn 0.0492 -0.9988 -0.0008
vn 0.0491 -0.9988 0.0049
vn 0.0492 -0.9988 -0.0009
vn 0.0398 -0.9992 0.0022
vn 0.0468 -0.9989 -0.0025
vn 0.0468 -0.9989 -0.0024
vn 0.0491 -0.9988 0.0003
vn 0.0491 -0.9988 0.0048
vn 0.0404 -0.9991 0.0114
vn 0.0498 -0.9988 -0.0025
vn 0.0492 -0.9988 0.0006
vn 0.1836 -0.6599 0.7286
vn 0.0792 -0.6730 -0.7354
vn 0.0800 -0.6742 -0.7342
vn 0.0008 -0.6723 -0.7403
vn 0.2598 -0.6105 0.7482
vn 0.2609 -0.6099 0.7483
vn -0.7352 0.4085 -0.5409
vn 0.3604 -0.9328 -0.0067
vn 0.0441 0.9229 -0.3824
vn 1.0000 -0.0010 0.0023
vn 1.0000 -0.0023 0.0009
vn 1.0000 -0.0024 -0.0010
vn 1.0000 -0.0010 -0.0023
vn 1.0000 -0.0014 -0.0022
vn 1.0000 -0.0025 -0.0007
vn 1.0000 -0.0024 0.0009
vn -0.2402 0.6348 0.7344
vn -0.2382 0.6288 0.7402
vn -0.2745 0.6133 0.7406
vn -0.1964 -0.6478 0.7360
vn 0.9946 -0.0955 0.0396
vn -0.4498 -0.0738 -0.8901
vn -0.4483 -0.0748 -0.8907
vn 0.0441 -0.3824 -0.9229
vn 0.9222 0.3860 0.0209
vn 0.9260 0.3774 0.0015
vn 0.9260 0.3775 0.0015
vn 0.9946 0.0955 -0.0396
vn 0.9946 0.0955 0.0396
vn 0.0002 0.6019 0.7985
vn -0.1366 -0.6635 -0.7356
vn -0.1338 -0.6649 -0.7348
vn -0.1963 -0.6485 -0.7355
vn -0.1428 -0.6585 -0.7389
vn 0.9946 -0.0396 -0.0955
vn -0.9243 -0.3816 -0.0000
vn 0.7061 0.0007 0.7081
vn 0.7064 0.0008 0.7078
vn 0.7064 0.0007 0.7078
vn 0.8238 0.5237 0.2169
vn -1.0000 -0.0001 -0.0000
vn -0.2927 0.9562 -0.0003
vn -0.2928 0.9562 -0.0002
vn -0.2946 0.9556 -0.0000
vn -0.2946 0.9556 -0.0001
vn -0.2410 0.6330 -0.7357
vn -0.2402 0.6317 -0.7371
vn 0.0441 0.3824 0.9229
vn -0.0976 -0.9952 -0.0005
vn 0.2623 -0.6120 -0.7461
vn 0.2598 -0.6106 -0.7481
vn 0.0783 -0.9969 0.0017
vn 0.0785 -0.9969 0.0018
vn -0.5124 0.8587 0.0003
vn -0.5109 0.8597 0.0014
vn -0.8154 -0.1360 -0.5627
vn -0.8151 -0.1360 -0.5631
vn -0.0001 1.0000 0.0016
vn 0.9981 -0.0000 -0.0610
vn -0.8155 -0.1359 0.5626
vn -0.8148 -0.1388 0.5629
vn 0.0441 -0.9230 -0.3822
vn -0.4483 -0.0748 0.8907
vn 0.0441 -0.3823 0.9230
vn 0.0441 -0.3818 0.9232
vn -0.9224 0.3855 0.0231
vn -0.9418 0.3355 0.0214
vn 0.9996 -0.0011 0.0267
vn 0.9997 0.0028 -0.0255
vn -0.2987 0.9543 -0.0000
vn -0.3071 0.9517 -0.0024
vn -0.3017 0.9534 -0.0018
vn -0.3072 0.9517 -0.0024
vn -0.3019 0.9534 -0.0018
vn 0.8239 0.2169 0.5237
vn 0.1869 -0.6593 -0.7283
vn -0.0017 -0.1179 0.9930
vn 0.0014 -0.1175 0.9931
vn 0.0014 -0.1176 0.9931
vn 0.0003 0.3828 -0.9238
vn 0.7061 0.0006 -0.7081
vn 0.7072 0.6480 0.2828
vn 0.0015 0.1826 0.9832
vn 0.0006 0.1848 0.9828
vn -0.0044 0.0003 1.0000
vn -0.9456 0.3254 0.0025
vn -0.9456 0.3255 -0.0036
vn -0.0546 -0.0000 -0.9985
vn -1.0000 0.0001 -0.0000
vn -1.0000 -0.0000 0.0001
vn 0.0200 0.0047 0.9998
vn 0.0199 0.0010 0.9998
vn 0.0180 0.0050 0.9998
vn 0.0173 0.0067 0.9998
vn 0.0181 0.0038 0.9998
vn 0.0181 0.0051 0.9998
vn 0.4115 0.6164 0.6714
vn 0.4135 0.6102 0.6757
vn 0.8565 0.3446 0.3843
vn 0.8603 0.3339 0.3852
vn -0.9990 -0.0000 -0.0453
vn 0.9990 -0.0007 0.0454
vn 0.6976 -0.7165 0.0010
vn -0.0000 0.9165 0.3999
vn 0.0133 0.6722 -0.7403
vn 0.0155 0.6716 -0.7408
vn 1.0000 0.0010 -0.0024
vn 1.0000 0.0027 -0.0007
vn 1.0000 0.0024 -0.0010
vn 1.0000 0.0007 -0.0025
vn 1.0000 0.0010 0.0024
vn 1.0000 0.0023 0.0011
vn 1.0000 0.0010 0.0023
vn 1.0000 0.0023 0.0010
vn 1.0000 0.0010 -0.0023
vn 0.6835 -0.1727 -0.7092
vn 0.0181 0.0048 -0.9998
vn 0.0180 0.0053 -0.9998
vn 0.0198 0.0011 -0.9998
vn 0.0180 0.0050 -0.9998
vn 0.0167 0.0044 -0.9999
vn 0.0180 0.0049 -0.9998
vn 0.0183 0.0048 -0.9998
vn 0.0167 0.0043 -0.9999
vn 0.0184 0.0048 -0.9998
vn 0.1846 -0.9828 -0.0001
vn 0.1845 -0.9828 -0.0001
vn 0.9946 -0.0396 0.0955
vn 0.0441 -0.9229 0.3824
vn 0.0441 0.3822 -0.9230
vn 0.4058 0.9137 0.0209
vn 0.3988 0.9170 0.0075
vn 0.8239 -0.5237 -0.2169
vn -0.8374 0.5467 -0.0015
vt 0.025391 0.986328
vt 0.988281 0.964844
vt 0.416016 0.976562
vt 0.972656 0.021484
vt 0.416016 0.945312
vt 0.517578 0.994141
vt 0.416016 0.949219
vt 0.513672 0.994141
vt 0.980469 0.080078
vt 0.992188 0.964844
vt 0.416016 0.970703
vt 0.980469 0.054688
vt 0.943359 0.970703
vt 0.423828 0.970703
vt 0.988281 0.054688
vt 0.943359 0.947266
vt 0.423828 0.949219
vt 0.988281 0.080078
vt 0.925781 0.947266
vt 0.978516 0.435547
vt 0.988281 0.062500
vt 0.925781 0.970703
vt 0.978516 0.457031
vt 0.988281 0.037109
vt 0.025391 0.974609
vt 0.988281 0.953125
vt 0.988281 0.947266
vt 0.031250 0.966797
vt 0.976562 0.460938
vt 0.980469 0.003906
vt 0.517578 0.974609
vt 0.976562 0.429688
vt 0.972656 0.009766
vt 0.517578 0.982422
vt 0.986328 0.037109
vt 0.992188 0.947266
vt 0.976562 0.457031
vt 0.992188 0.953125
vt 0.980469 0.042969
vt 0.513672 0.982422
vt 0.980469 0.068359
vt 0.513672 0.974609
vt 0.986328 0.062500
vt 0.976562 0.435547
vt 0.037109 0.986328
vt 0.427734 0.976562
vt 0.988281 0.990234
vt 0.992188 0.914062
vt 0.986328 0.021484
vt 0.427734 0.945312
vt 0.037109 0.966797
vt 0.988281 0.972656
vt 0.982422 0.460938
vt 0.986328 0.003906
vt 0.992188 0.896484
vt 0.982422 0.429688
vt 0.992188 0.990234
vt 0.427734 0.970703
vt 0.427734 0.949219
vt 0.988281 0.914062
vt 0.988281 0.896484
vt 0.982422 0.435547
vt 0.992188 0.972656
vt 0.982422 0.457031
vt 0.914062 0.535156
vt 0.583984 0.757812
vt 0.933594 0.695312
vt 0.587891 0.757812
vt 0.931641 0.535156
vt 0.527344 0.757812
vt 0.916016 0.695312
vt 0.531250 0.757812
vt 0.914062 0.503906
vt 0.583984 0.726562
vt 0.933594 0.726562
vt 0.587891 0.726562
vt 0.931641 0.503906
vt 0.527344 0.726562
vt 0.916016 0.726562
vt 0.531250 0.726562
vt 0.914062 0.488281
vt 0.970703 0.818359
vt 0.589844 0.710938
vt 0.933594 0.738281
vt 0.970703 0.779297
vt 0.593750 0.712891
vt 0.953125 0.818359
vt 0.931641 0.488281
vt 0.533203 0.710938
vt 0.916016 0.738281
vt 0.953125 0.779297
vt 0.537109 0.712891
vt 0.970703 0.806641
vt 0.601562 0.703125
vt 0.970703 0.767578
vt 0.603516 0.705078
vt 0.953125 0.806641
vt 0.544922 0.703125
vt 0.953125 0.767578
vt 0.546875 0.705078
vt 0.914062 0.558594
vt 0.970703 0.746094
vt 0.626953 0.712891
vt 0.953125 0.785156
vt 0.408203 0.970703
vt 0.566406 0.697266
vt 0.953125 0.746094
vt 0.570312 0.712891
vt 0.931641 0.558594
vt 0.919922 0.128906
vt 0.628906 0.691406
vt 0.919922 0.160156
vt 0.632812 0.722656
vt 0.937500 0.160156
vt 0.576172 0.722656
vt 0.958984 0.455078
vt 0.914062 0.550781
vt 0.589844 0.773438
vt 0.970703 0.371094
vt 0.933594 0.681641
vt 0.591797 0.769531
vt 0.931641 0.550781
vt 0.939453 0.455078
vt 0.533203 0.773438
vt 0.951172 0.371094
vt 0.916016 0.681641
vt 0.535156 0.769531
vt 0.958984 0.441406
vt 0.603516 0.783203
vt 0.970703 0.359375
vt 0.603516 0.779297
vt 0.939453 0.441406
vt 0.546875 0.783203
vt 0.951172 0.359375
vt 0.546875 0.779297
vt 0.958984 0.417969
vt 0.925781 0.392578
vt 0.626953 0.792969
vt 0.914062 0.619141
vt 0.970703 0.337891
vt 0.625000 0.773438
vt 0.939453 0.417969
vt 0.945312 0.392578
vt 0.570312 0.792969
vt 0.931641 0.619141
vt 0.951172 0.337891
vt 0.568359 0.773438
vt 0.628906 0.812500
vt 0.925781 0.412109
vt 0.925781 0.365234
vt 0.632812 0.765625
vt 0.945312 0.412109
vt 0.572266 0.812500
vt 0.945312 0.365234
vt 0.576172 0.765625
vt 0.939453 0.425781
vt 0.562500 0.787109
vt 0.951172 0.349609
vt 0.558594 0.779297
vt 0.970703 0.349609
vt 0.615234 0.779297
vt 0.958984 0.425781
vt 0.619141 0.787109
vt 0.390625 0.964844
vt 0.626953 0.691406
vt 0.630859 0.722656
vt 0.914062 0.568359
vt 0.408203 0.964844
vt 0.568359 0.691406
vt 0.574219 0.722656
vt 0.931641 0.568359
vt 0.919922 0.107422
vt 0.625000 0.671875
vt 0.988281 0.087891
vt 0.937500 0.107422
vt 0.568359 0.671875
vt 0.988281 0.107422
vt 0.992188 0.087891
vt 0.390625 0.945312
vt 0.623047 0.671875
vt 0.408203 0.945312
vt 0.566406 0.671875
vt 0.992188 0.107422
vt 0.996094 0.582031
vt 0.935547 0.404297
vt 0.994141 0.582031
vt 0.935547 0.404297
vt 0.996094 0.576172
vt 0.939453 0.402344
vt 0.626953 0.990234
vt 0.628906 0.990234
vt 0.994141 0.576172
vt 0.939453 0.402344
vt 0.996094 0.585938
vt 0.138672 0.992188
vt 0.931641 0.402344
vt 0.140625 0.992188
vt 0.994141 0.585938
vt 0.931641 0.402344
vt 0.939453 0.398438
vt 0.625000 0.996094
vt 0.904297 0.806641
vt 0.908203 0.806641
vt 0.939453 0.398438
vt 0.628906 0.996094
vt 0.138672 0.996094
vt 0.931641 0.398438
vt 0.904297 0.798828
vt 0.908203 0.798828
vt 0.140625 0.996094
vt 0.931641 0.398438
vt 0.933594 0.125000
vt 0.130859 0.996094
vt 0.992188 0.880859
vt 0.990234 0.880859
vt 0.126953 0.996094
vt 0.404297 0.962891
vt 0.927734 0.126953
vt 0.992188 0.884766
vt 0.400391 0.964844
vt 0.990234 0.884766
vt 0.923828 0.125000
vt 0.150391 0.996094
vt 0.992188 0.888672
vt 0.990234 0.888672
vt 0.148438 0.996094
vt 0.396484 0.962891
vt 0.935547 0.396484
vt 0.904297 0.802734
vt 0.935547 0.396484
vt 0.908203 0.802734
vt 0.933594 0.119141
vt 0.130859 0.992188
vt 0.974609 0.900391
vt 0.126953 0.992188
vt 0.404297 0.957031
vt 0.978516 0.900391
vt 0.974609 0.892578
vt 0.923828 0.119141
vt 0.150391 0.992188
vt 0.148438 0.992188
vt 0.978516 0.892578
vt 0.396484 0.957031
vt 0.927734 0.117188
vt 0.976562 0.896484
vt 0.978516 0.896484
vt 0.400391 0.955078
vt 0.970703 0.046875
vt 0.619141 0.828125
vt 0.966797 0.046875
vt 0.761719 0.994141
vt 0.978516 0.238281
vt 0.623047 0.900391
vt 0.761719 0.990234
vt 0.976562 0.238281
vt 0.619141 0.818359
vt 0.972656 0.037109
vt 0.853516 0.949219
vt 0.968750 0.037109
vt 0.849609 0.949219
vt 0.994141 0.593750
vt 0.976562 0.242188
vt 0.576172 0.900391
vt 0.574219 0.828125
vt 0.835938 0.322266
vt 0.574219 0.818359
vt 0.839844 0.314453
vt 0.849609 0.953125
vt 0.630859 0.943359
vt 0.964844 0.046875
vt 0.464844 0.990234
vt 0.972656 0.238281
vt 0.761719 0.986328
vt 0.630859 0.953125
vt 0.847656 0.949219
vt 0.966797 0.037109
vt 0.468750 0.990234
vt 0.996094 0.593750
vt 0.972656 0.242188
vt 0.833984 0.322266
vt 0.632812 0.943359
vt 0.835938 0.314453
vt 0.632812 0.953125
vt 0.847656 0.953125
vt 0.564453 0.822266
vt 0.771484 0.742188
vt 0.564453 0.828125
vt 0.767578 0.748047
vt 0.767578 0.812500
vt 0.994141 0.523438
vt 0.564453 0.892578
vt 0.996094 0.523438
vt 0.564453 0.890625
vt 0.771484 0.812500
vt 0.929688 0.013672
vt 0.587891 0.828125
vt 0.925781 0.013672
vt 0.978516 0.277344
vt 0.583984 0.900391
vt 0.933594 0.085938
vt 0.976562 0.277344
vt 0.929688 0.085938
vt 0.933594 0.003906
vt 0.853516 0.980469
vt 0.587891 0.818359
vt 0.849609 0.980469
vt 0.929688 0.003906
vt 0.539062 0.900391
vt 0.976562 0.273438
vt 0.544922 0.900391
vt 0.535156 0.828125
vt 0.548828 0.828125
vt 0.539062 0.818359
vt 0.548828 0.818359
vt 0.849609 0.978516
vt 0.968750 0.490234
vt 0.923828 0.013672
vt 0.927734 0.083984
vt 0.968750 0.417969
vt 0.972656 0.279297
vt 0.968750 0.500000
vt 0.847656 0.980469
vt 0.927734 0.003906
vt 0.535156 0.900391
vt 0.964844 0.419922
vt 0.972656 0.275391
vt 0.533203 0.828125
vt 0.964844 0.490234
vt 0.535156 0.818359
vt 0.966797 0.500000
vt 0.847656 0.978516
vt 0.605469 0.500000
vt 0.556641 0.822266
vt 0.603516 0.505859
vt 0.556641 0.828125
vt 0.994141 0.533203
vt 0.603516 0.570312
vt 0.556641 0.892578
vt 0.996094 0.533203
vt 0.605469 0.570312
vt 0.556641 0.890625
vt 0.988281 0.630859
vt 0.601562 0.490234
vt 0.570312 0.894531
vt 0.615234 0.894531
vt 0.603516 0.486328
vt 0.984375 0.630859
vt 0.994141 0.597656
vt 0.601562 0.484375
vt 0.576172 0.894531
vt 0.765625 0.990234
vt 0.601562 0.480469
vt 0.765625 0.994141
vt 0.623047 0.894531
vt 0.603516 0.480469
vt 0.468750 0.996094
vt 0.996094 0.597656
vt 0.597656 0.482422
vt 0.765625 0.986328
vt 0.464844 0.996094
vt 0.597656 0.478516
vt 0.988281 0.654297
vt 0.570312 0.871094
vt 0.759766 0.953125
vt 0.615234 0.871094
vt 0.984375 0.654297
vt 0.763672 0.949219
vt 0.576172 0.871094
vt 0.759766 0.947266
vt 0.839844 0.367188
vt 0.968750 0.089844
vt 0.759766 0.943359
vt 0.972656 0.089844
vt 0.621094 0.871094
vt 0.763672 0.943359
vt 0.632812 0.900391
vt 0.757812 0.947266
vt 0.835938 0.367188
vt 0.628906 0.898438
vt 0.757812 0.943359
vt 0.966797 0.089844
vt 0.472656 0.003906
vt 0.593750 0.958984
vt 0.447266 0.003906
vt 0.593750 0.949219
vt 0.480469 0.003906
vt 0.437500 0.003906
vt 0.599609 0.943359
vt 0.515625 0.003906
vt 0.429688 0.003906
vt 0.609375 0.943359
vt 0.505859 0.003906
vt 0.617188 0.949219
vt 0.498047 0.003906
vt 0.396484 0.003906
vt 0.617188 0.958984
vt 0.609375 0.966797
vt 0.404297 0.003906
vt 0.462891 0.003906
vt 0.599609 0.966797
vt 0.412109 0.003906
vt 0.812500 0.919922
vt 0.472656 0.820312
vt 0.451172 0.820312
vt 0.796875 0.919922
vt 0.486328 0.820312
vt 0.437500 0.820312
vt 0.787109 0.908203
vt 0.425781 0.820312
vt 0.519531 0.820312
vt 0.787109 0.894531
vt 0.505859 0.820312
vt 0.796875 0.884766
vt 0.492188 0.820312
vt 0.812500 0.884766
vt 0.390625 0.820312
vt 0.822266 0.894531
vt 0.404297 0.820312
vt 0.458984 0.820312
vt 0.822266 0.908203
vt 0.417969 0.820312
vt 0.814453 0.921875
vt 0.902344 0.900391
vt 0.917969 0.900391
vt 0.796875 0.921875
vt 0.492188 0.939453
vt 0.783203 0.910156
vt 0.509766 0.939453
vt 0.878906 0.900391
vt 0.783203 0.892578
vt 0.525391 0.939453
vt 0.796875 0.880859
vt 0.863281 0.900391
vt 0.761719 0.937500
vt 0.814453 0.880859
vt 0.847656 0.900391
vt 0.826172 0.892578
vt 0.746094 0.937500
vt 0.728516 0.937500
vt 0.826172 0.910156
vt 0.886719 0.900391
vt 0.326172 0.896484
vt 0.902344 0.941406
vt 0.326172 0.878906
vt 0.917969 0.941406
vt 0.492188 0.898438
vt 0.337891 0.867188
vt 0.509766 0.898438
vt 0.525391 0.898438
vt 0.878906 0.941406
vt 0.355469 0.867188
vt 0.367188 0.878906
vt 0.863281 0.941406
vt 0.847656 0.941406
vt 0.761719 0.896484
vt 0.367188 0.896484
vt 0.355469 0.910156
vt 0.746094 0.896484
vt 0.337891 0.910156
vt 0.886719 0.941406
vt 0.728516 0.896484
vt 0.326172 0.896484
vt 0.326172 0.880859
vt 0.337891 0.869141
vt 0.355469 0.869141
vt 0.367188 0.880859
vt 0.367188 0.896484
vt 0.355469 0.908203
vt 0.337891 0.908203
vt 0.326172 0.896484
vt 0.703125 0.957031
vt 0.703125 0.939453
vt 0.326172 0.878906
vt 0.974609 0.103516
vt 0.337891 0.867188
vt 0.974609 0.121094
vt 0.972656 0.947266
vt 0.355469 0.867188
vt 0.974609 0.136719
vt 0.972656 0.962891
vt 0.367188 0.878906
vt 0.972656 0.978516
vt 0.974609 0.884766
vt 0.367188 0.896484
vt 0.974609 0.869141
vt 0.355469 0.910156
vt 0.703125 0.972656
vt 0.974609 0.851562
vt 0.337891 0.910156
vt 0.484375 0.892578
vt 0.710938 0.957031
vt 0.982422 0.103516
vt 0.710938 0.939453
vt 0.484375 0.910156
vt 0.472656 0.921875
vt 0.982422 0.121094
vt 0.982422 0.136719
vt 0.980469 0.947266
vt 0.455078 0.921875
vt 0.980469 0.962891
vt 0.443359 0.910156
vt 0.980469 0.978516
vt 0.443359 0.892578
vt 0.982422 0.884766
vt 0.455078 0.880859
vt 0.982422 0.869141
vt 0.982422 0.851562
vt 0.472656 0.880859
vt 0.710938 0.972656
vt 0.484375 0.892578
vt 0.769531 0.835938
vt 0.603516 0.613281
vt 0.484375 0.910156
vt 0.769531 0.820312
vt 0.603516 0.628906
vt 0.472656 0.921875
vt 0.603516 0.644531
vt 0.988281 0.468750
vt 0.455078 0.921875
vt 0.988281 0.482422
vt 0.443359 0.910156
vt 0.988281 0.498047
vt 0.435547 0.976562
vt 0.443359 0.892578
vt 0.455078 0.880859
vt 0.435547 0.960938
vt 0.769531 0.851562
vt 0.435547 0.945312
vt 0.472656 0.880859
vt 0.746094 0.888672
vt 0.771484 0.835938
vt 0.771484 0.820312
vt 0.603516 0.613281
vt 0.730469 0.886719
vt 0.603516 0.628906
vt 0.718750 0.873047
vt 0.988281 0.468750
vt 0.603516 0.644531
vt 0.720703 0.857422
vt 0.732422 0.845703
vt 0.988281 0.482422
vt 0.750000 0.847656
vt 0.988281 0.498047
vt 0.435547 0.976562
vt 0.759766 0.859375
vt 0.435547 0.960938
vt 0.435547 0.945312
vt 0.771484 0.851562
vt 0.759766 0.876953
vt 0.746094 0.888672
vt 0.773438 0.736328
vt 0.757812 0.736328
vt 0.728516 0.886719
vt 0.421875 0.828125
vt 0.718750 0.873047
vt 0.406250 0.828125
vt 0.390625 0.828125
vt 0.718750 0.857422
vt 0.718750 0.736328
vt 0.732422 0.845703
vt 0.734375 0.736328
vt 0.748047 0.841797
vt 0.750000 0.736328
vt 0.761719 0.859375
vt 0.761719 0.882812
vt 0.789062 0.736328
vt 0.773438 0.462891
vt 0.457031 0.871094
vt 0.757812 0.462891
vt 0.847656 0.835938
vt 0.445312 0.859375
vt 0.443359 0.841797
vt 0.863281 0.835938
vt 0.453125 0.828125
vt 0.878906 0.835938
vt 0.718750 0.462891
vt 0.470703 0.828125
vt 0.734375 0.462891
vt 0.486328 0.833984
vt 0.750000 0.462891
vt 0.486328 0.855469
vt 0.789062 0.462891
vt 0.472656 0.873047
vt 0.896484 0.894531
vt 0.458984 0.863281
vt 0.908203 0.894531
vt 0.580078 0.414062
vt 0.451172 0.855469
vt 0.591797 0.414062
vt 0.449219 0.843750
vt 0.601562 0.414062
vt 0.933594 0.232422
vt 0.457031 0.835938
vt 0.923828 0.232422
vt 0.468750 0.833984
vt 0.935547 0.285156
vt 0.912109 0.232422
vt 0.478516 0.841797
vt 0.923828 0.285156
vt 0.478516 0.853516
vt 0.914062 0.285156
vt 0.886719 0.894531
vt 0.470703 0.863281
vt 0.896484 0.835938
vt 0.884766 0.074219
vt 0.580078 0.472656
vt 0.908203 0.835938
vt 0.888672 0.064453
vt 0.898438 0.058594
vt 0.591797 0.472656
vt 0.933594 0.173828
vt 0.910156 0.062500
vt 0.601562 0.472656
vt 0.923828 0.173828
vt 0.916016 0.072266
vt 0.935547 0.343750
vt 0.912109 0.173828
vt 0.912109 0.083984
vt 0.923828 0.343750
vt 0.900391 0.087891
vt 0.914062 0.343750
vt 0.886719 0.835938
vt 0.890625 0.085938
vt 0.882812 0.074219
vt 0.865234 0.158203
vt 0.992188 0.337891
vt 0.886719 0.062500
vt 0.876953 0.158203
vt 0.898438 0.056641
vt 0.992188 0.326172
vt 0.992188 0.314453
vt 0.878906 0.617188
vt 0.910156 0.060547
vt 0.867188 0.617188
vt 0.916016 0.072266
vt 0.855469 0.617188
vt 0.912109 0.083984
vt 0.853516 0.158203
vt 0.888672 0.085938
vt 0.576172 0.927734
vt 0.865234 0.003906
vt 0.566406 0.937500
vt 0.326172 0.951172
vt 0.876953 0.003906
vt 0.554688 0.937500
vt 0.326172 0.962891
vt 0.326172 0.974609
vt 0.544922 0.927734
vt 0.878906 0.462891
vt 0.544922 0.916016
vt 0.867188 0.462891
vt 0.695312 0.943359
vt 0.554688 0.906250
vt 0.855469 0.462891
vt 0.566406 0.906250
vt 0.695312 0.955078
vt 0.576172 0.916016
vt 0.695312 0.966797
vt 0.853516 0.003906
vt 0.574219 0.927734
vt 0.992188 0.361328
vt 0.566406 0.935547
vt 0.990234 0.851562
vt 0.992188 0.351562
vt 0.554688 0.935547
vt 0.990234 0.863281
vt 0.990234 0.873047
vt 0.990234 0.210938
vt 0.546875 0.927734
vt 0.990234 0.220703
vt 0.546875 0.916016
vt 0.554688 0.908203
vt 0.988281 0.451172
vt 0.990234 0.230469
vt 0.566406 0.908203
vt 0.988281 0.439453
vt 0.992188 0.371094
vt 0.988281 0.429688
vt 0.574219 0.916016
vt 0.810547 0.937500
vt 0.994141 0.361328
vt 0.994141 0.351562
vt 0.992188 0.851562
vt 0.810547 0.949219
vt 0.992188 0.863281
vt 0.802734 0.957031
vt 0.992188 0.210938
vt 0.992188 0.873047
vt 0.792969 0.957031
vt 0.783203 0.949219
vt 0.992188 0.220703
vt 0.992188 0.451172
vt 0.783203 0.937500
vt 0.992188 0.230469
vt 0.992188 0.439453
vt 0.792969 0.929688
vt 0.994141 0.371094
vt 0.992188 0.429688
vt 0.802734 0.929688
vt 0.705078 0.933594
vt 0.806641 0.939453
vt 0.710938 0.933594
vt 0.652344 0.933594
vt 0.806641 0.947266
vt 0.646484 0.933594
vt 0.800781 0.951172
vt 0.691406 0.933594
vt 0.640625 0.933594
vt 0.794922 0.951172
vt 0.685547 0.933594
vt 0.789062 0.947266
vt 0.679688 0.933594
vt 0.660156 0.933594
vt 0.789062 0.939453
vt 0.666016 0.933594
vt 0.794922 0.935547
vt 0.699219 0.933594
vt 0.671875 0.933594
vt 0.800781 0.935547
vt 0.705078 0.859375
vt 0.710938 0.859375
vt 0.652344 0.859375
vt 0.646484 0.859375
vt 0.691406 0.859375
vt 0.640625 0.859375
vt 0.685547 0.859375
vt 0.660156 0.859375
vt 0.679688 0.859375
vt 0.666016 0.859375
vt 0.671875 0.859375
vt 0.699219 0.859375
vt 0.705078 0.837891
vt 0.708984 0.837891
vt 0.650391 0.837891
vt 0.646484 0.837891
vt 0.689453 0.837891
vt 0.642578 0.837891
vt 0.685547 0.837891
vt 0.662109 0.837891
vt 0.681641 0.837891
vt 0.666016 0.837891
vt 0.701172 0.837891
vt 0.669922 0.837891
vt 0.705078 0.003906
vt 0.599609 0.957031
vt 0.650391 0.003906
vt 0.708984 0.003906
vt 0.599609 0.953125
vt 0.646484 0.003906
vt 0.603516 0.949219
vt 0.642578 0.003906
vt 0.689453 0.003906
vt 0.607422 0.949219
vt 0.685547 0.003906
vt 0.609375 0.953125
vt 0.609375 0.957031
vt 0.662109 0.003906
vt 0.681641 0.003906
vt 0.607422 0.960938
vt 0.666016 0.003906
vt 0.603516 0.960938
vt 0.701172 0.003906
vt 0.669922 0.003906
vt 0.855469 0.488281
vt 0.777344 0.865234
vt 0.789062 0.865234
vt 0.746094 0.648438
vt 0.777344 0.750000
vt 0.855469 0.605469
vt 0.789062 0.750000
vt 0.746094 0.533203
vt 0.935547 0.628906
vt 0.789062 0.873047
vt 0.744141 0.656250
vt 0.779297 0.873047
vt 0.857422 0.482422
vt 0.939453 0.636719
vt 0.779297 0.867188
vt 0.855469 0.486328
vt 0.779297 0.742188
vt 0.857422 0.611328
vt 0.939453 0.843750
vt 0.789062 0.742188
vt 0.933594 0.835938
vt 0.744141 0.527344
vt 0.779297 0.748047
vt 0.855469 0.607422
vt 0.732422 0.662109
vt 0.925781 0.634766
vt 0.925781 0.634766
vt 0.734375 0.660156
vt 0.927734 0.640625
vt 0.869141 0.476562
vt 0.867188 0.478516
vt 0.929688 0.638672
vt 0.923828 0.839844
vt 0.732422 0.521484
vt 0.925781 0.839844
vt 0.734375 0.521484
vt 0.869141 0.617188
vt 0.927734 0.845703
vt 0.867188 0.615234
vt 0.927734 0.845703
vt 0.759766 0.521484
vt 0.933594 0.880859
vt 0.757812 0.521484
vt 0.933594 0.880859
vt 0.847656 0.894531
vt 0.994141 0.337891
vt 0.933594 0.875000
vt 0.878906 0.617188
vt 0.994141 0.314453
vt 0.921875 0.855469
vt 0.994141 0.337891
vt 0.933594 0.875000
vt 0.876953 0.156250
vt 0.763672 0.527344
vt 0.939453 0.878906
vt 0.835938 0.769531
vt 0.937500 0.873047
vt 0.839844 0.769531
vt 0.873047 0.152344
vt 0.759766 0.662109
vt 0.935547 0.673828
vt 0.757812 0.662109
vt 0.933594 0.675781
vt 0.421875 0.902344
vt 0.339844 0.951172
vt 0.933594 0.667969
vt 0.339844 0.974609
vt 0.921875 0.650391
vt 0.878906 0.476562
vt 0.935547 0.669922
vt 0.339844 0.951172
vt 0.876953 0.017578
vt 0.406250 0.902344
vt 0.919922 0.666016
vt 0.339844 0.962891
vt 0.923828 0.662109
vt 0.390625 0.902344
vt 0.718750 0.662109
vt 0.916016 0.648438
vt 0.917969 0.871094
vt 0.863281 0.894531
vt 0.923828 0.867188
vt 0.994141 0.326172
vt 0.916016 0.853516
vt 0.878906 0.894531
vt 0.718750 0.521484
vt 0.939453 0.673828
vt 0.763672 0.656250
vt 0.835938 0.900391
vt 0.939453 0.667969
vt 0.873047 0.021484
vt 0.839844 0.900391
vt 0.843750 0.617188
vt 0.916016 0.095703
vt 0.900391 0.101562
vt 0.841797 0.158203
vt 0.884766 0.097656
vt 0.679688 0.939453
vt 0.843750 0.480469
vt 0.679688 0.957031
vt 0.841797 0.019531
vt 0.679688 0.972656
vt 0.849609 0.488281
vt 0.849609 0.605469
vt 0.843750 0.486328
vt 0.843750 0.607422
vt 0.953125 0.845703
vt 0.986328 0.845703
vt 0.783203 0.968750
vt 0.986328 0.826172
vt 0.761719 0.966797
vt 0.953125 0.826172
vt 0.783203 0.976562
vt 0.976562 0.845703
vt 0.939453 0.480469
vt 0.939453 0.460938
vt 0.761719 0.974609
vt 0.976562 0.826172
vt 0.792969 0.982422
vt 0.949219 0.480469
vt 0.769531 0.980469
vt 0.949219 0.460938
vt 0.957031 0.480469
vt 0.945312 0.162109
vt 0.800781 0.976562
vt 0.945312 0.142578
vt 0.777344 0.974609
vt 0.957031 0.460938
vt 0.953125 0.162109
vt 0.970703 0.845703
vt 0.800781 0.968750
vt 0.970703 0.826172
vt 0.777344 0.966797
vt 0.953125 0.142578
vt 0.960938 0.845703
vt 0.792969 0.962891
vt 0.769531 0.960938
vt 0.960938 0.826172
vt 0.996094 0.617188
vt 0.787109 0.974609
vt 0.982422 0.087891
vt 0.574219 0.765625
vt 0.931641 0.611328
vt 0.914062 0.611328
vt 0.630859 0.765625
vt 0.925781 0.402344
vt 0.626953 0.802734
vt 0.945312 0.402344
vt 0.570312 0.802734
vt 0.970703 0.753906
vt 0.617188 0.705078
vt 0.953125 0.753906
vt 0.560547 0.705078
vt 0.390625 0.970703
vt 0.970703 0.785156
vt 0.623047 0.697266
vt 0.988281 0.810547
vt 0.728516 0.972656
vt 0.988281 0.802734
vt 0.728516 0.980469
vt 0.986328 0.404297
vt 0.728516 0.988281
vt 0.986328 0.414062
vt 0.982422 0.214844
vt 0.986328 0.421875
vt 0.982422 0.222656
vt 0.988281 0.818359
vt 0.982422 0.230469
vt 0.978516 0.781250
vt 0.978516 0.773438
vt 0.566406 0.972656
vt 0.566406 0.980469
vt 0.658203 0.970703
vt 0.566406 0.990234
vt 0.658203 0.980469
vt 0.640625 0.970703
vt 0.658203 0.988281
vt 0.640625 0.980469
vt 0.978516 0.789062
vt 0.640625 0.988281
vt 0.912109 0.156250
vt 0.941406 0.695312
vt 0.908203 0.115234
vt 0.273438 0.966797
vt 0.943359 0.738281
vt 0.898438 0.107422
vt 0.271484 0.976562
vt 0.912109 0.125000
vt 0.941406 0.726562
vt 0.882812 0.156250
vt 0.941406 0.177734
vt 0.882812 0.125000
vt 0.943359 0.208984
vt 0.273438 0.986328
vt 0.888672 0.115234
vt 0.943359 0.218750
vt 0.951172 0.316406
vt 0.912109 0.253906
vt 0.937500 0.253906
vt 0.947266 0.044922
vt 0.982422 0.183594
vt 0.953125 0.324219
vt 0.916016 0.246094
vt 0.982422 0.201172
vt 0.933594 0.246094
vt 0.947266 0.037109
vt 0.925781 0.242188
vt 0.984375 0.193359
vt 0.248047 0.023438
vt 0.761719 0.792969
vt 0.833984 0.453125
vt 0.761719 0.835938
vt 0.287109 0.003906
vt 0.203125 0.064453
vt 0.591797 0.406250
vt 0.761719 0.742188
vt 0.228516 0.263672
vt 0.384766 0.164062
vt 0.244141 0.261719
vt 0.369141 0.164062
vt 0.378906 0.218750
vt 0.257812 0.314453
vt 0.250000 0.316406
vt 0.376953 0.404297
vt 0.275391 0.500000
vt 0.261719 0.501953
vt 0.318359 0.933594
vt 0.384766 0.839844
vt 0.302734 0.937500
vt 0.382812 0.371094
vt 0.273438 0.468750
vt 0.265625 0.468750
vt 0.900391 0.373047
vt 0.314453 0.955078
vt 0.380859 0.859375
vt 0.298828 0.957031
vt 0.884766 0.388672
vt 0.890625 0.396484
vt 0.363281 0.107422
vt 0.373047 0.060547
vt 0.226562 0.160156
vt 0.242188 0.164062
vt 0.359375 0.066406
vt 0.238281 0.121094
vt 0.251953 0.126953
vt 0.357422 0.031250
vt 0.269531 0.078125
vt 0.955078 0.488281
vt 0.275391 0.093750
vt 0.357422 0.003906
vt 0.955078 0.535156
vt 0.318359 0.064453
vt 0.847656 0.388672
vt 0.310547 0.048828
vt 0.833984 0.404297
vt 0.164062 0.205078
vt 0.589844 0.271484
vt 0.173828 0.205078
vt 0.173828 0.146484
vt 0.595703 0.328125
vt 0.193359 0.107422
vt 0.597656 0.369141
vt 0.185547 0.105469
vt 0.193359 0.083984
vt 0.589844 0.388672
vt 0.884766 0.560547
vt 0.183594 0.330078
vt 0.890625 0.548828
vt 0.185547 0.341797
vt 0.191406 0.339844
vt 0.289062 0.986328
vt 0.210938 0.468750
vt 0.203125 0.470703
vt 0.890625 0.417969
vt 0.283203 0.978516
vt 0.283203 0.966797
vt 0.193359 0.476562
vt 0.574219 0.003906
vt 0.201172 0.476562
vt 0.289062 0.974609
vt 0.189453 0.333984
vt 0.890625 0.554688
vt 0.183594 0.335938
vt 0.205078 0.494141
vt 0.271484 0.941406
vt 0.564453 0.474609
vt 0.263672 0.943359
vt 0.283203 0.958984
vt 0.884766 0.404297
vt 0.560547 0.494141
vt 0.275391 0.960938
vt 0.892578 0.412109
vt 0.898438 0.404297
vt 0.890625 0.396484
vt 0.568359 0.021484
vt 0.894531 0.417969
vt 0.279297 0.978516
vt 0.279297 0.966797
vt 0.568359 0.003906
vt 0.982422 0.314453
vt 0.597656 0.281250
vt 0.861328 0.974609
vt 0.982422 0.324219
vt 0.591797 0.271484
vt 0.986328 0.316406
vt 0.863281 0.976562
vt 0.984375 0.326172
vt 0.878906 0.380859
vt 0.603516 0.277344
vt 0.863281 0.980469
vt 0.878906 0.371094
vt 0.603516 0.287109
vt 0.876953 0.376953
vt 0.603516 0.279297
vt 0.861328 0.980469
vt 0.550781 0.197266
vt 0.902344 0.380859
vt 0.353516 0.107422
vt 0.085938 0.023438
vt 0.718750 0.792969
vt 0.041016 0.064453
vt 0.632812 0.406250
vt 0.718750 0.742188
vt 0.326172 0.166016
vt 0.068359 0.263672
vt 0.083984 0.261719
vt 0.339844 0.166016
vt 0.089844 0.316406
vt 0.089844 0.291016
vt 0.337891 0.195312
vt 0.347656 0.404297
vt 0.115234 0.500000
vt 0.099609 0.501953
vt 0.158203 0.933594
vt 0.369141 0.839844
vt 0.142578 0.937500
vt 0.339844 0.373047
vt 0.111328 0.468750
vt 0.103516 0.468750
vt 0.906250 0.373047
vt 0.375000 0.861328
vt 0.152344 0.955078
vt 0.136719 0.957031
vt 0.919922 0.388672
vt 0.914062 0.396484
vt 0.341797 0.107422
vt 0.330078 0.062500
vt 0.066406 0.160156
vt 0.080078 0.164062
vt 0.343750 0.068359
vt 0.076172 0.121094
vt 0.091797 0.126953
vt 0.343750 0.033203
vt 0.107422 0.078125
vt 0.939453 0.488281
vt 0.115234 0.093750
vt 0.341797 0.003906
vt 0.939453 0.535156
vt 0.158203 0.064453
vt 0.863281 0.388672
vt 0.150391 0.048828
vt 0.876953 0.404297
vt 0.003906 0.205078
vt 0.623047 0.271484
vt 0.011719 0.205078
vt 0.013672 0.271484
vt 0.632812 0.203125
vt 0.623047 0.328125
vt 0.011719 0.146484
vt 0.033203 0.107422
vt 0.023438 0.105469
vt 0.625000 0.367188
vt 0.033203 0.083984
vt 0.632812 0.386719
vt 0.097656 0.314453
vt 0.333984 0.218750
vt 0.023438 0.341797
vt 0.625000 0.132812
vt 0.031250 0.339844
vt 0.050781 0.468750
vt 0.306641 0.966797
vt 0.042969 0.470703
vt 0.621094 0.003906
vt 0.300781 0.974609
vt 0.527344 0.003906
vt 0.300781 0.986328
vt 0.033203 0.476562
vt 0.029297 0.333984
vt 0.023438 0.335938
vt 0.626953 0.138672
vt 0.021484 0.330078
vt 0.630859 0.144531
vt 0.042969 0.494141
vt 0.109375 0.941406
vt 0.537109 0.474609
vt 0.101562 0.943359
vt 0.121094 0.958984
vt 0.919922 0.404297
vt 0.912109 0.412109
vt 0.541016 0.494141
vt 0.113281 0.960938
vt 0.908203 0.404297
vt 0.914062 0.396484
vt 0.041016 0.476562
vt 0.306641 0.978516
vt 0.531250 0.021484
vt 0.296875 0.974609
vt 0.615234 0.003906
vt 0.531250 0.003906
vt 0.296875 0.986328
vt 0.125000 0.003906
vt 0.876953 0.453125
vt 0.718750 0.835938
vt 0.431641 0.828125
vt 0.617188 0.279297
vt 0.861328 0.994141
vt 0.431641 0.906250
vt 0.625000 0.201172
vt 0.623047 0.271484
vt 0.429688 0.835938
vt 0.863281 0.994141
vt 0.435547 0.830078
vt 0.435547 0.908203
vt 0.431641 0.837891
vt 0.771484 0.867188
vt 0.611328 0.277344
vt 0.863281 0.990234
vt 0.771484 0.857422
vt 0.611328 0.287109
vt 0.767578 0.865234
vt 0.611328 0.279297
vt 0.861328 0.990234
vt 0.214844 0.255859
vt 0.988281 0.193359
vt 0.957031 0.324219
vt 0.210938 0.248047
vt 0.988281 0.183594
vt 0.990234 0.201172
vt 0.212891 0.265625
vt 0.939453 0.037109
vt 0.201172 0.246094
vt 0.957031 0.316406
vt 0.205078 0.269531
vt 0.939453 0.044922
vt 0.947266 0.289062
vt 0.949219 0.285156
vt 0.587891 0.226562
vt 0.171875 0.250000
vt 0.955078 0.285156
vt 0.580078 0.226562
vt 0.957031 0.289062
vt 0.173828 0.250000
vt 0.894531 0.617188
vt 0.949219 0.076172
vt 0.886719 0.617188
vt 0.173828 0.273438
vt 0.939453 0.076172
vt 0.949219 0.072266
vt 0.941406 0.291016
vt 0.912109 0.279297
vt 0.957031 0.070312
vt 0.937500 0.279297
vt 0.707031 0.978516
vt 0.587891 0.230469
vt 0.986328 0.341797
vt 0.925781 0.814453
vt 0.589844 0.253906
vt 0.927734 0.814453
vt 0.382812 0.972656
vt 0.585938 0.253906
vt 0.382812 0.949219
vt 0.710938 0.978516
vt 0.583984 0.230469
vt 0.810547 0.962891
vt 0.707031 0.994141
vt 0.810547 0.986328
vt 0.925781 0.828125
vt 0.367188 0.972656
vt 0.806641 0.986328
vt 0.927734 0.828125
vt 0.367188 0.949219
vt 0.806641 0.962891
vt 0.710938 0.994141
vt 0.955078 0.173828
vt 0.375000 0.365234
vt 0.953125 0.691406
vt 0.347656 0.365234
vt 0.347656 0.402344
vt 0.953125 0.728516
vt 0.376953 0.400391
vt 0.955078 0.210938
vt 0.363281 0.417969
vt 0.261719 0.976562
vt 0.527344 0.664062
vt 0.341797 0.218750
vt 0.527344 0.664062
vt 0.341797 0.218750
vt 0.371094 0.216797
vt 0.718750 0.167969
vt 0.718750 0.166016
vt 0.371094 0.218750
vt 0.376953 0.222656
vt 0.718750 0.162109
vt 0.337891 0.224609
vt 0.527344 0.658203
vt 0.535156 0.517578
vt 0.341797 0.365234
vt 0.380859 0.363281
vt 0.724609 0.019531
vt 0.953125 0.738281
vt 0.353516 0.412109
vt 0.261719 0.966797
vt 0.955078 0.220703
vt 0.371094 0.412109
vt 0.261719 0.986328
vt 0.345703 0.082031
vt 0.345703 0.097656
vt 0.357422 0.082031
vt 0.359375 0.097656
vt 0.361328 0.199219
vt 0.361328 0.210938
vt 0.351562 0.210938
vt 0.349609 0.197266
vt 0.595703 0.500000
vt 0.787109 0.003906
vt 0.595703 0.658203
vt 0.595703 0.664062
vt 0.787109 0.166016
vt 0.787109 0.162109
vt 0.738281 0.980469
vt 0.244141 0.519531
vt 0.738281 0.988281
vt 0.976562 0.404297
vt 0.251953 0.515625
vt 0.240234 0.496094
vt 0.972656 0.222656
vt 0.976562 0.421875
vt 0.250000 0.498047
vt 0.972656 0.214844
vt 0.976562 0.419922
vt 0.250000 0.500000
vt 0.976562 0.414062
vt 0.253906 0.505859
vt 0.988281 0.781250
vt 0.070312 0.509766
vt 0.556641 0.972656
vt 0.988281 0.773438
vt 0.074219 0.517578
vt 0.558594 0.980469
vt 0.083984 0.519531
vt 0.556641 0.990234
vt 0.666016 0.970703
vt 0.091797 0.515625
vt 0.738281 0.972656
vt 0.978516 0.802734
vt 0.236328 0.517578
vt 0.978516 0.810547
vt 0.230469 0.509766
vt 0.978516 0.818359
vt 0.972656 0.230469
vt 0.234375 0.500000
vt 0.972656 0.226562
vt 0.238281 0.498047
vt 0.667969 0.986328
vt 0.089844 0.500000
vt 0.650391 0.970703
vt 0.087891 0.498047
vt 0.667969 0.988281
vt 0.666016 0.980469
vt 0.093750 0.505859
vt 0.988281 0.789062
vt 0.072266 0.500000
vt 0.650391 0.988281
vt 0.076172 0.498047
vt 0.650391 0.984375
vt 0.080078 0.496094
vt 0.650391 0.980469
vt 0.982422 0.285156
vt 0.990234 0.136719
vt 0.996094 0.392578
vt 0.982422 0.308594
vt 0.990234 0.113281
vt 0.603516 0.652344
vt 0.908203 0.617188
vt 0.988281 0.136719
vt 0.994141 0.392578
vt 0.988281 0.285156
vt 0.996094 0.398438
vt 0.945312 0.353516
vt 0.988281 0.308594
vt 0.603516 0.658203
vt 0.945312 0.332031
vt 0.902344 0.617188
vt 0.994141 0.398438
vt 0.941406 0.353516
vt 0.990234 0.113281
vt 0.908203 0.593750
vt 0.603516 0.652344
vt 0.908203 0.597656
vt 0.988281 0.117188
vt 0.902344 0.597656
vt 0.941406 0.335938
vt 0.943359 0.332031
vt 0.902344 0.593750
vt 0.603516 0.658203
vt 0.996094 0.511719
vt 0.480469 0.978516
vt 0.994141 0.511719
vt 0.505859 0.982422
vt 0.996094 0.507812
vt 0.994141 0.378906
vt 0.480469 0.982422
vt 0.996094 0.378906
vt 0.994141 0.507812
vt 0.505859 0.978516
vt 0.976562 0.986328
vt 0.994141 0.382812
vt 0.484375 0.986328
vt 0.501953 0.974609
vt 0.996094 0.382812
vt 0.972656 0.986328
vt 0.490234 0.982422
vt 0.976562 0.990234
vt 0.496094 0.978516
vt 0.972656 0.990234
vt 0.976562 0.996094
vt 0.839844 0.996094
vt 0.490234 0.978516
vt 0.841797 0.996094
vt 0.496094 0.982422
vt 0.972656 0.996094
vt 0.996094 0.517578
vt 0.839844 0.990234
vt 0.484375 0.974609
vt 0.994141 0.517578
vt 0.501953 0.986328
vt 0.841797 0.990234
vt 0.162109 0.994141
vt 0.818359 0.994141
vt 0.162109 0.992188
vt 0.121094 0.992188
vt 0.820312 0.996094
vt 0.255859 0.992188
vt 0.119141 0.992188
vt 0.822266 0.994141
vt 0.255859 0.994141
vt 0.822266 0.992188
vt 0.255859 0.996094
vt 0.992188 0.171875
vt 0.820312 0.990234
vt 0.994141 0.171875
vt 0.162109 0.996094
vt 0.818359 0.992188
vt 0.949219 0.892578
vt 0.207031 0.994141
vt 0.951172 0.892578
vt 0.207031 0.992188
vt 0.216797 0.992188
vt 0.214844 0.992188
vt 0.953125 0.892578
vt 0.244141 0.992188
vt 0.244141 0.994141
vt 0.953125 0.888672
vt 0.244141 0.996094
vt 0.593750 0.992188
vt 0.951172 0.888672
vt 0.597656 0.992188
vt 0.949219 0.888672
vt 0.207031 0.996094
vt 0.203125 0.976562
vt 0.728516 0.949219
vt 0.183594 0.984375
vt 0.203125 0.966797
vt 0.728516 0.958984
vt 0.736328 0.964844
vt 0.183594 0.976562
vt 0.164062 0.966797
vt 0.744141 0.964844
vt 0.183594 0.966797
vt 0.750000 0.958984
vt 0.164062 0.976562
vt 0.130859 0.984375
vt 0.750000 0.949219
vt 0.164062 0.984375
vt 0.130859 0.976562
vt 0.744141 0.943359
vt 0.203125 0.984375
vt 0.130859 0.966797
vt 0.736328 0.943359
vt 0.216797 0.976562
vt 0.216797 0.966797
vt 0.197266 0.984375
vt 0.197266 0.976562
vt 0.197266 0.966797
vt 0.177734 0.966797
vt 0.177734 0.976562
vt 0.119141 0.984375
vt 0.177734 0.984375
vt 0.119141 0.976562
vt 0.216797 0.984375
vt 0.119141 0.966797
vt 0.744141 0.949219
vt 0.158203 0.994141
vt 0.994141 0.175781
vt 0.158203 0.996094
vt 0.746094 0.947266
vt 0.992188 0.175781
vt 0.748047 0.949219
vt 0.251953 0.996094
vt 0.748047 0.951172
vt 0.251953 0.994141
vt 0.121094 0.994141
vt 0.744141 0.951172
vt 0.158203 0.992188
vt 0.119141 0.994141
vt 0.251953 0.992188
vt 0.746094 0.953125
vt 0.203125 0.994141
vt 0.732422 0.958984
vt 0.597656 0.996094
vt 0.203125 0.996094
vt 0.734375 0.957031
vt 0.593750 0.996094
vt 0.240234 0.996094
vt 0.736328 0.957031
vt 0.736328 0.960938
vt 0.240234 0.994141
vt 0.216797 0.994141
vt 0.732422 0.960938
vt 0.203125 0.992188
vt 0.214844 0.994141
vt 0.734375 0.960938
vt 0.240234 0.992188
vt 0.939453 0.892578
vt 0.167969 0.994141
vt 0.906250 0.166016
vt 0.941406 0.892578
vt 0.167969 0.992188
vt 0.902344 0.166016
vt 0.943359 0.892578
vt 0.107422 0.992188
vt 0.943359 0.888672
vt 0.107422 0.994141
vt 0.107422 0.996094
vt 0.941406 0.888672
vt 0.894531 0.166016
vt 0.896484 0.166016
vt 0.939453 0.888672
vt 0.167969 0.996094
vt 0.960938 0.099609
vt 0.960938 0.892578
vt 0.960938 0.097656
vt 0.962891 0.892578
vt 0.185547 0.994141
vt 0.230469 0.992188
vt 0.964844 0.892578
vt 0.183594 0.994141
vt 0.230469 0.994141
vt 0.964844 0.888672
vt 0.230469 0.996094
vt 0.962891 0.888672
vt 0.193359 0.994141
vt 0.960938 0.101562
vt 0.960938 0.888672
vt 0.197266 0.994141
vt 0.544922 0.958984
vt 0.255859 0.976562
vt 0.099609 0.966797
vt 0.550781 0.966797
vt 0.255859 0.966797
vt 0.099609 0.976562
vt 0.560547 0.966797
vt 0.099609 0.984375
vt 0.150391 0.966797
vt 0.566406 0.958984
vt 0.566406 0.951172
vt 0.150391 0.976562
vt 0.222656 0.984375
vt 0.560547 0.943359
vt 0.150391 0.984375
vt 0.550781 0.943359
vt 0.222656 0.976562
vt 0.544922 0.951172
vt 0.255859 0.984375
vt 0.222656 0.966797
vt 0.242188 0.976562
vt 0.242188 0.966797
vt 0.111328 0.966797
vt 0.111328 0.976562
vt 0.111328 0.984375
vt 0.138672 0.966797
vt 0.138672 0.976562
vt 0.138672 0.984375
vt 0.236328 0.984375
vt 0.236328 0.976562
vt 0.236328 0.966797
vt 0.242188 0.984375
vt 0.554688 0.949219
vt 0.171875 0.994141
vt 0.896484 0.164062
vt 0.554688 0.947266
vt 0.171875 0.996094
vt 0.111328 0.996094
vt 0.894531 0.164062
vt 0.556641 0.945312
vt 0.558594 0.947266
vt 0.111328 0.994141
vt 0.556641 0.951172
vt 0.906250 0.164062
vt 0.171875 0.992188
vt 0.902344 0.164062
vt 0.111328 0.992188
vt 0.558594 0.949219
vt 0.552734 0.962891
vt 0.964844 0.099609
vt 0.964844 0.101562
vt 0.554688 0.960938
vt 0.197266 0.992188
vt 0.193359 0.992188
vt 0.234375 0.996094
vt 0.556641 0.958984
vt 0.558594 0.960938
vt 0.234375 0.994141
vt 0.185547 0.992188
vt 0.554688 0.964844
vt 0.964844 0.097656
vt 0.234375 0.992188
vt 0.558594 0.962891
vt 0.183594 0.992188
vt 0.933594 0.359375
vt 0.347656 0.974609
vt 0.919922 0.363281
vt 0.625000 0.984375
vt 0.359375 0.974609
vt 0.919922 0.351562
vt 0.933594 0.351562
vt 0.912109 0.363281
vt 0.906250 0.972656
vt 0.912109 0.351562
vt 0.632812 0.984375
vt 0.917969 0.972656
vt 0.753906 0.990234
vt 0.347656 0.951172
vt 0.539062 0.988281
vt 0.625000 0.958984
vt 0.359375 0.951172
vt 0.539062 0.974609
vt 0.746094 0.990234
vt 0.906250 0.949219
vt 0.531250 0.988281
vt 0.531250 0.974609
vt 0.632812 0.958984
vt 0.917969 0.949219
vt 0.925781 0.351562
vt 0.886719 0.986328
vt 0.906250 0.964844
vt 0.886719 0.994141
vt 0.925781 0.359375
vt 0.347656 0.966797
vt 0.753906 0.974609
vt 0.347656 0.964844
vt 0.888672 0.994141
vt 0.349609 0.966797
vt 0.753906 0.972656
vt 0.888672 0.986328
vt 0.746094 0.972656
vt 0.908203 0.964844
vt 0.746094 0.974609
vt 0.906250 0.962891
vt 0.982422 0.552734
vt 0.976562 0.552734
vt 0.976562 0.398438
vt 0.982422 0.398438
vt 0.986328 0.398438
vt 0.976562 0.527344
vt 0.982422 0.527344
vt 0.986328 0.527344
vt 0.986328 0.580078
vt 0.982422 0.580078
vt 0.986328 0.552734
vt 0.976562 0.580078
vt 0.982422 0.537109
vt 0.976562 0.537109
vt 0.976562 0.380859
vt 0.982422 0.380859
vt 0.986328 0.380859
vt 0.976562 0.509766
vt 0.982422 0.509766
vt 0.986328 0.509766
vt 0.986328 0.564453
vt 0.982422 0.564453
vt 0.976562 0.564453
vt 0.986328 0.537109
vt 0.982422 0.533203
vt 0.968750 0.673828
vt 0.978516 0.533203
vt 0.978516 0.378906
vt 0.972656 0.677734
vt 0.982422 0.378906
vt 0.972656 0.681641
vt 0.986328 0.378906
vt 0.978516 0.507812
vt 0.968750 0.683594
vt 0.964844 0.683594
vt 0.982422 0.507812
vt 0.984375 0.507812
vt 0.984375 0.560547
vt 0.962891 0.681641
vt 0.982422 0.560547
vt 0.962891 0.677734
vt 0.984375 0.533203
vt 0.978516 0.560547
vt 0.964844 0.673828
vt 0.623047 0.613281
vt 0.326172 0.935547
vt 0.623047 0.414062
vt 0.443359 0.949219
vt 0.613281 0.613281
vt 0.869141 0.173828
vt 0.326172 0.923828
vt 0.869141 0.373047
vt 0.443359 0.937500
vt 0.613281 0.414062
vt 0.859375 0.173828
vt 0.333984 0.916016
vt 0.451172 0.929688
vt 0.859375 0.373047
vt 0.847656 0.828125
vt 0.847656 0.173828
vt 0.345703 0.916016
vt 0.847656 0.628906
vt 0.462891 0.929688
vt 0.847656 0.373047
vt 0.353516 0.923828
vt 0.857422 0.828125
vt 0.470703 0.937500
vt 0.857422 0.628906
vt 0.875000 0.628906
vt 0.353516 0.935547
vt 0.869141 0.828125
vt 0.875000 0.828125
vt 0.470703 0.949219
vt 0.869141 0.628906
vt 0.886719 0.628906
vt 0.345703 0.943359
vt 0.886719 0.828125
vt 0.462891 0.957031
vt 0.632812 0.613281
vt 0.896484 0.628906
vt 0.333984 0.943359
vt 0.632812 0.414062
vt 0.451172 0.957031
vt 0.896484 0.828125
vt 0.394531 0.984375
vt 0.330078 0.933594
vt 0.695312 0.978516
vt 0.394531 0.978516
vt 0.330078 0.925781
vt 0.695312 0.986328
vt 0.335938 0.919922
vt 0.695312 0.994141
vt 0.404297 0.978516
vt 0.343750 0.919922
vt 0.404297 0.984375
vt 0.349609 0.925781
vt 0.404297 0.992188
vt 0.685547 0.994141
vt 0.349609 0.933594
vt 0.343750 0.939453
vt 0.685547 0.986328
vt 0.685547 0.978516
vt 0.394531 0.992188
vt 0.335938 0.939453
vt 0.957031 0.617188
vt 0.390625 0.984375
vt 0.691406 0.978516
vt 0.949219 0.617188
vt 0.390625 0.978516
vt 0.691406 0.986328
vt 0.943359 0.611328
vt 0.691406 0.994141
vt 0.400391 0.978516
vt 0.943359 0.603516
vt 0.400391 0.984375
vt 0.949219 0.597656
vt 0.400391 0.992188
vt 0.681641 0.994141
vt 0.957031 0.597656
vt 0.962891 0.603516
vt 0.681641 0.986328
vt 0.962891 0.611328
vt 0.390625 0.992188
vt 0.681641 0.978516
vt 0.472656 0.974609
vt 0.958984 0.619141
vt 0.472656 0.962891
vt 0.984375 0.351562
vt 0.947266 0.619141
vt 0.939453 0.611328
vt 0.984375 0.361328
vt 0.984375 0.371094
vt 0.939453 0.601562
vt 0.435547 0.917969
vt 0.435547 0.927734
vt 0.947266 0.593750
vt 0.435547 0.937500
vt 0.958984 0.593750
vt 0.986328 0.765625
vt 0.966797 0.601562
vt 0.986328 0.755859
vt 0.966797 0.611328
vt 0.986328 0.746094
vt 0.472656 0.984375
vt 0.958984 0.029297
vt 0.464844 0.974609
vt 0.464844 0.962891
vt 0.947266 0.029297
vt 0.976562 0.351562
vt 0.939453 0.021484
vt 0.976562 0.361328
vt 0.939453 0.011719
vt 0.976562 0.371094
vt 0.427734 0.917969
vt 0.947266 0.003906
vt 0.427734 0.927734
vt 0.978516 0.765625
vt 0.427734 0.937500
vt 0.958984 0.003906
vt 0.978516 0.755859
vt 0.966797 0.011719
vt 0.966797 0.021484
vt 0.978516 0.746094
vt 0.464844 0.984375
vt 0.957031 0.025391
vt 0.378906 0.986328
vt 0.378906 0.980469
vt 0.949219 0.025391
vt 0.326172 0.980469
vt 0.943359 0.021484
vt 0.326172 0.988281
vt 0.326172 0.996094
vt 0.943359 0.013672
vt 0.367188 0.980469
vt 0.949219 0.007812
vt 0.367188 0.986328
vt 0.367188 0.994141
vt 0.957031 0.007812
vt 0.906250 0.994141
vt 0.906250 0.988281
vt 0.962891 0.013672
vt 0.906250 0.980469
vt 0.962891 0.021484
vt 0.378906 0.994141
vt 0.873047 0.968750
vt 0.382812 0.986328
vt 0.328125 0.980469
vt 0.382812 0.980469
vt 0.865234 0.968750
vt 0.861328 0.962891
vt 0.328125 0.988281
vt 0.861328 0.955078
vt 0.328125 0.996094
vt 0.371094 0.980469
vt 0.865234 0.949219
vt 0.371094 0.986328
vt 0.371094 0.994141
vt 0.873047 0.949219
vt 0.908203 0.994141
vt 0.878906 0.955078
vt 0.908203 0.988281
vt 0.908203 0.980469
vt 0.878906 0.962891
vt 0.382812 0.994141
vt 0.871094 0.960938
vt 0.585938 0.906250
vt 0.585938 0.906250
vt 0.869141 0.960938
vt 0.986328 0.593750
vt 0.986328 0.593750
vt 0.869141 0.958984
vt 0.984375 0.593750
vt 0.869141 0.957031
vt 0.605469 0.578125
vt 0.603516 0.578125
vt 0.869141 0.957031
vt 0.871094 0.957031
vt 0.982422 0.146484
vt 0.603516 0.578125
vt 0.871094 0.957031
vt 0.984375 0.146484
vt 0.984375 0.146484
vt 0.871094 0.958984
vt 0.583984 0.906250
vt 0.585938 0.937500
vt 0.882812 0.166016
vt 0.585938 0.937500
vt 0.986328 0.623047
vt 0.882812 0.164062
vt 0.986328 0.623047
vt 0.884766 0.164062
vt 0.984375 0.623047
vt 0.605469 0.607422
vt 0.886719 0.164062
vt 0.603516 0.607422
vt 0.886719 0.164062
vt 0.982422 0.175781
vt 0.603516 0.607422
vt 0.886719 0.166016
vt 0.984375 0.175781
vt 0.886719 0.166016
vt 0.583984 0.937500
vt 0.984375 0.175781
vt 0.884766 0.166016
vt 0.445312 0.947266
vt 0.544922 0.982422
vt 0.312500 0.966797
vt 0.544922 0.972656
vt 0.445312 0.937500
vt 0.451172 0.931641
vt 0.312500 0.976562
vt 0.988281 0.921875
vt 0.460938 0.931641
vt 0.312500 0.986328
vt 0.468750 0.937500
vt 0.988281 0.929688
vt 0.988281 0.939453
vt 0.468750 0.947266
vt 0.986328 0.257812
vt 0.460938 0.955078
vt 0.986328 0.248047
vt 0.544922 0.992188
vt 0.451172 0.955078
vt 0.986328 0.238281
vt 0.550781 0.982422
vt 0.550781 0.972656
vt 0.318359 0.966797
vt 0.318359 0.976562
vt 0.318359 0.986328
vt 0.992188 0.921875
vt 0.992188 0.929688
vt 0.992188 0.939453
vt 0.990234 0.257812
vt 0.990234 0.248047
vt 0.550781 0.992188
vt 0.990234 0.238281
vt 0.960938 0.720703
vt 0.974609 0.294922
vt 0.974609 0.285156
vt 0.878906 0.984375
vt 0.964844 0.730469
vt 0.964844 0.294922
vt 0.955078 0.929688
vt 0.878906 0.974609
vt 0.964844 0.285156
vt 0.958984 0.939453
vt 0.974609 0.294922
vt 0.968750 0.720703
vt 0.974609 0.285156
vt 0.871094 0.984375
vt 0.974609 0.730469
vt 0.964844 0.294922
vt 0.962891 0.929688
vt 0.964844 0.285156
vt 0.871094 0.974609
vt 0.968750 0.939453
vt 0.960938 0.710938
vt 0.974609 0.304688
vt 0.964844 0.304688
vt 0.955078 0.919922
vt 0.974609 0.304688
vt 0.966797 0.710938
vt 0.964844 0.304688
vt 0.958984 0.919922
vt 0.974609 0.316406
vt 0.964844 0.699219
vt 0.964844 0.316406
vt 0.958984 0.908203
vt 0.974609 0.314453
vt 0.968750 0.701172
vt 0.964844 0.314453
vt 0.962891 0.910156
vt 0.974609 0.324219
vt 0.974609 0.691406
vt 0.964844 0.324219
vt 0.966797 0.900391
vt 0.974609 0.322266
vt 0.974609 0.695312
vt 0.964844 0.322266
vt 0.968750 0.902344
vt 0.984375 0.695312
vt 0.945312 0.101562
vt 0.955078 0.101562
vt 0.984375 0.707031
vt 0.994141 0.166016
vt 0.361328 0.923828
vt 0.945312 0.082031
vt 0.994141 0.146484
vt 0.361328 0.935547
vt 0.955078 0.082031
vt 0.720703 0.994141
vt 0.986328 0.695312
vt 0.982422 0.730469
vt 0.986328 0.707031
vt 0.990234 0.730469
vt 0.992188 0.166016
vt 0.720703 0.976562
vt 0.365234 0.923828
vt 0.982422 0.712891
vt 0.990234 0.712891
vt 0.365234 0.935547
vt 0.992188 0.146484
vt 0.982422 0.693359
vt 0.943359 0.101562
vt 0.943359 0.082031
vt 0.359375 0.921875
vt 0.617188 0.992188
vt 0.988281 0.693359
vt 0.718750 0.994141
vt 0.617188 0.972656
vt 0.718750 0.976562
vt 0.367188 0.921875
vt 0.982422 0.689453
vt 0.990234 0.679688
vt 0.939453 0.101562
vt 0.990234 0.660156
vt 0.359375 0.917969
vt 0.939453 0.082031
vt 0.988281 0.689453
vt 0.613281 0.992188
vt 0.613281 0.972656
vt 0.367188 0.917969
vt 0.982422 0.687500
vt 0.988281 0.679688
vt 0.361328 0.916016
vt 0.988281 0.660156
vt 0.988281 0.687500
vt 0.611328 0.992188
vt 0.984375 0.679688
vt 0.984375 0.660156
vt 0.611328 0.972656
vt 0.365234 0.916016
vt 0.996094 0.560547
vt 0.996094 0.623047
vt 0.787109 0.970703
vt 0.792969 0.978516
vt 0.982422 0.091797
vt 0.982422 0.095703
vt 0.996094 0.605469
vt 0.796875 0.974609
vt 0.996094 0.611328
vt 0.996094 0.570312
vt 0.796875 0.970703
vt 0.996094 0.566406
vt 0.792969 0.966797
vt 0.994141 0.560547
vt 0.925781 0.984375
vt 0.994141 0.623047
vt 0.980469 0.087891
vt 0.929688 0.986328
vt 0.994141 0.617188
vt 0.933594 0.984375
vt 0.980469 0.091797
vt 0.933594 0.978516
vt 0.980469 0.095703
vt 0.994141 0.605469
vt 0.994141 0.570312
vt 0.929688 0.976562
vt 0.994141 0.611328
vt 0.994141 0.566406
vt 0.925781 0.978516
vt 0.853516 0.994141
vt 0.927734 0.091797
vt 0.833984 0.373047
vt 0.347656 0.982422
vt 0.849609 0.994141
vt 0.923828 0.093750
vt 0.923828 0.099609
vt 0.347656 0.986328
vt 0.927734 0.101562
vt 0.347656 0.990234
vt 0.783203 0.996094
vt 0.833984 0.380859
vt 0.789062 0.996094
vt 0.929688 0.099609
vt 0.833984 0.376953
vt 0.929688 0.093750
vt 0.955078 0.984375
vt 0.777344 0.994141
vt 0.476562 0.931641
vt 0.476562 0.935547
vt 0.421875 0.982422
vt 0.773438 0.994141
vt 0.480469 0.937500
vt 0.421875 0.986328
vt 0.421875 0.990234
vt 0.796875 0.996094
vt 0.484375 0.935547
vt 0.955078 0.990234
vt 0.484375 0.931641
vt 0.800781 0.996094
vt 0.480469 0.929688
vt 0.955078 0.988281
vt 0.960938 0.984375
vt 0.582031 0.484375
vt 0.777344 0.986328
vt 0.427734 0.982422
vt 0.582031 0.488281
vt 0.773438 0.986328
vt 0.585938 0.490234
vt 0.427734 0.986328
vt 0.589844 0.488281
vt 0.427734 0.990234
vt 0.796875 0.988281
vt 0.960938 0.990234
vt 0.800781 0.988281
vt 0.589844 0.484375
vt 0.960938 0.988281
vt 0.585938 0.482422
vt 0.445312 0.996094
vt 0.587891 0.984375
vt 0.876953 0.353516
vt 0.445312 0.988281
vt 0.876953 0.361328
vt 0.576172 0.984375
vt 0.880859 0.363281
vt 0.576172 0.990234
vt 0.576172 0.996094
vt 0.457031 0.988281
vt 0.886719 0.361328
vt 0.886719 0.353516
vt 0.457031 0.996094
vt 0.587891 0.996094
vt 0.880859 0.351562
vt 0.587891 0.990234
vt 0.583984 0.984375
vt 0.443359 0.996094
vt 0.580078 0.482422
vt 0.443359 0.988281
vt 0.574219 0.984375
vt 0.580078 0.488281
vt 0.585938 0.492188
vt 0.574219 0.990234
vt 0.574219 0.996094
vt 0.455078 0.988281
vt 0.591797 0.488281
vt 0.455078 0.996094
vt 0.583984 0.996094
vt 0.591797 0.482422
vt 0.583984 0.990234
vt 0.585938 0.478516
vt 0.853516 0.988281
vt 0.945312 0.234375
vt 0.839844 0.373047
vt 0.849609 0.988281
vt 0.353516 0.982422
vt 0.945312 0.240234
vt 0.949219 0.242188
vt 0.353516 0.986328
vt 0.783203 0.988281
vt 0.953125 0.240234
vt 0.353516 0.990234
vt 0.839844 0.380859
vt 0.789062 0.988281
vt 0.953125 0.234375
vt 0.949219 0.232422
vt 0.839844 0.376953
vt 0.828125 0.990234
vt 0.896484 0.996094
vt 0.894531 0.353516
vt 0.894531 0.361328
vt 0.828125 0.996094
vt 0.996094 0.826172
vt 0.996094 0.832031
vt 0.898438 0.363281
vt 0.996094 0.837891
vt 0.994141 0.554688
vt 0.904297 0.361328
vt 0.994141 0.548828
vt 0.896484 0.986328
vt 0.904297 0.353516
vt 0.896484 0.990234
vt 0.898438 0.351562
vt 0.832031 0.990234
vt 0.898438 0.996094
vt 0.943359 0.234375
vt 0.992188 0.826172
vt 0.832031 0.996094
vt 0.943359 0.240234
vt 0.992188 0.832031
vt 0.949219 0.244141
vt 0.992188 0.837891
vt 0.996094 0.554688
vt 0.955078 0.240234
vt 0.996094 0.548828
vt 0.898438 0.986328
vt 0.955078 0.234375
vt 0.898438 0.990234
vt 0.949219 0.230469
s 0
usemtl Material.013
f 683/1536/1 690/1552/1 691/1553/1
f 161/407/2 154/390/3 153/387/3
f 102/254/4 141/353/4 101/251/4
f 872/1980/5 866/1964/5 862/1953/5
f 924/2117/6 893/2034/6 923/2114/6
f 446/1031/7 544/1216/7 453/1045/8
f 724/1636/3 733/1649/3 725/1637/3
f 10/28/5 19/51/5 17/45/5
f 852/1933/9 848/1924/9 846/1919/9
f 111/277/7 143/360/7 109/271/7
f 929/2130/6 936/2150/6 935/2146/6
f 648/1453/10 641/1436/10 649/1454/10
f 617/1371/11 618/1373/11 616/1369/11
f 261/638/12 361/864/12 269/659/12
f 886/2016/13 887/2018/13 892/2032/13
f 192/473/14 185/464/14 184/463/14
f 50/125/15 52/130/15 48/119/15
f 712/1605/16 721/1631/16 714/1611/16
f 667/1494/17 635/1421/17 636/1422/17
f 787/1779/18 778/1757/18 779/1759/18
f 508/1143/19 506/1140/19 509/1145/19
f 71/172/20 97/244/20 95/239/20
f 919/2105/21 914/2090/21 920/2106/21
f 301/731/22 286/700/22 293/717/22
f 443/1025/23 501/1131/23 503/1135/23
f 285/697/24 270/661/24 277/677/24
f 627/1398/25 616/1369/25 626/1395/25
f 133/333/26 126/314/26 107/266/26
f 192/474/27 201/496/27 193/476/27
f 713/1608/7 711/1603/7 709/1596/7
f 640/1433/28 655/1463/28 647/1450/28
f 629/1404/17 661/1478/17 660/1475/17
f 393/930/29 597/1320/29 598/1322/29
f 205/506/30 198/488/30 197/485/30
f 207/511/24 222/548/24 215/531/24
f 9/26/16 4/10/16 14/38/16
f 119/297/31 128/318/31 121/302/31
f 26/67/32 32/79/32 28/71/32
f 671/1506/33 698/1566/33 672/1507/33
f 520/1166/34 487/1107/34 517/1161/35
f 884/2010/21 889/2025/21 883/2009/21
f 243/594/24 250/611/24 251/614/24
f 845/1917/36 842/1910/36 843/1911/36
f 924/2118/37 895/2041/37 894/2037/37
f 136/339/38 116/290/38 135/336/38
f 796/1802/39 787/1780/39 788/1782/39
f 807/1829/18 798/1808/18 799/1809/18
f 556/1244/40 551/1232/40 552/1234/40
f 29/73/41 35/88/41 33/81/41
f 821/1864/30 812/1842/30 813/1844/30
f 312/749/30 305/737/30 304/735/30
f 859/1947/42 854/1937/42 855/1939/42
f 124/309/39 105/262/39 101/252/39
f 75/184/37 80/198/37 76/186/37
f 897/2045/43 928/2129/43 898/2048/43
f 273/668/22 282/691/22 274/670/22
f 91/228/44 60/150/45 62/154/46
f 880/2000/47 877/1993/47 876/1992/47
f 380/908/5 68/166/5 60/151/5
f 393/931/1 598/1323/1 599/1325/1
f 347/833/48 345/829/48 343/824/48
f 834/1897/18 827/1880/18 826/1878/18
f 621/1383/49 618/1374/49 619/1376/49
f 815/1849/39 814/1848/39 806/1827/39
f 892/2032/43 885/2014/43 886/2016/43
f 927/2126/5 896/2044/5 926/2122/5
f 42/104/50 37/93/50 39/97/50
f 139/348/51 111/278/51 105/261/51
f 106/265/52 113/282/52 112/280/52
f 30/75/53 36/90/53 32/79/53
f 130/324/54 125/311/54 124/308/54
f 190/469/55 191/470/55 183/462/55
f 440/1021/56 542/1211/57 439/1019/58
f 28/71/59 48/120/59 26/67/59
f 99/248/4 148/373/4 147/371/4
f 631/1409/60 661/1479/60 630/1406/60
f 242/593/17 243/595/17 235/577/17
f 189/468/61 196/484/61 197/486/61
f 665/1489/5 664/1488/5 661/1480/5
f 642/1439/62 649/1455/62 641/1435/62
f 682/1534/62 689/1551/62 690/1552/62
f 684/1540/29 691/1554/29 692/1555/29
f 663/1483/39 638/1428/39 639/1430/39
f 765/1724/3 772/1742/3 764/1722/3
f 723/1634/18 730/1645/18 731/1646/18
f 731/1646/63 738/1657/63 739/1659/63
f 747/1679/24 760/1711/24 761/1714/24
f 42/105/64 67/164/64 385/917/64
f 772/1743/17 780/1762/17 779/1761/17
f 334/800/24 259/634/24 258/632/24
f 274/671/17 267/653/17 266/650/17
f 257/630/30 339/812/30 258/631/30
f 78/192/21 75/184/21 76/186/21
f 791/1790/65 782/1767/65 783/1769/65
f 403/946/66 404/949/66 408/958/66
f 810/1838/65 819/1859/65 818/1857/65
f 925/2120/67 936/2151/67 937/2153/67
f 96/242/13 97/245/13 98/246/13
f 402/945/5 559/1252/68 405/952/5
f 871/1977/69 862/1954/69 864/1959/69
f 876/1992/70 873/1982/70 872/1979/70
f 927/2127/71 938/2156/71 939/2159/71
f 582/1289/5 568/1269/5 580/1287/5
f 895/2040/16 896/2042/16 897/2047/16
f 286/700/65 295/721/65 287/702/65
f 288/705/72 295/722/72 296/723/72
f 934/2144/13 935/2147/13 940/2160/13
f 920/2107/5 915/2094/5 921/2109/5
f 608/1347/73 614/1364/73 611/1356/73
f 889/2024/16 890/2026/16 891/2030/16
f 12/33/6 18/49/6 11/30/6
f 517/1160/74 483/1099/75 515/1157/76
f 354/851/18 223/551/18 231/567/18
f 300/729/77 307/739/77 308/741/77
f 298/726/18 291/712/18 290/710/18
f 298/726/78 305/736/78 306/738/78
f 79/195/6 84/210/6 80/197/6
f 373/890/7 371/884/7 369/880/7
f 734/1651/79 743/1669/79 735/1652/79
f 759/1709/72 756/1701/72 757/1704/72
f 327/786/80 325/780/81 326/783/82
f 726/1639/65 735/1652/65 727/1640/65
f 264/646/72 349/838/72 345/828/72
f 346/830/30 264/646/30 265/647/30
f 413/971/83 537/1201/84 412/967/85
f 607/1344/86 609/1350/86 610/1353/86
f 321/770/87 318/765/7 320/768/7
f 327/787/88 356/856/89 260/636/89
f 547/1222/39 540/1208/39 543/1214/39
f 623/1387/86 621/1382/86 619/1378/86
f 268/656/90 359/861/91 267/652/91
f 268/656/92 361/865/93 360/863/93
f 327/787/94 363/867/95 365/869/95
f 171/433/22 178/450/22 179/453/22
f 363/867/96 364/868/96 365/869/96
f 847/1921/97 848/1924/97 849/1926/97
f 182/459/17 181/457/17 189/468/17
f 612/1360/98 614/1364/98 613/1362/98
f 902/2060/16 903/2062/16 899/2052/16
f 883/2008/16 378/903/16 368/876/16
f 59/149/99 79/196/100 75/185/100
f 594/1312/101 397/937/102 396/935/102
f 389/925/102 586/1293/103 388/923/102
f 595/1315/28 398/938/28 397/936/28
f 184/463/104 191/470/104 192/473/104
f 395/934/105 594/1312/106 396/935/105
f 519/1165/107 458/1055/108 459/1056/109
f 214/528/30 221/546/30 222/547/30
f 427/997/110 424/992/111 423/990/112
f 576/1283/113 564/1261/113 419/984/113
f 453/1046/114 447/1033/115 446/1032/115
f 424/992/116 457/1051/117 455/1048/118
f 574/1281/119 575/1282/119 430/1002/119
f 422/989/120 423/990/121 424/992/122
f 64/158/123 52/130/123 54/134/123
f 486/1103/124 472/1080/125 427/996/126
f 417/980/127 537/1202/128 535/1196/128
f 25/65/129 49/122/129 27/69/129
f 195/480/65 204/502/65 196/482/65
f 481/1096/130 482/1097/131 480/1095/132
f 483/1099/133 486/1105/134 482/1097/135
f 487/1107/136 472/1080/137 486/1103/138
f 430/1002/139 417/981/140 431/1003/141
f 518/1163/142 456/1049/143 458/1053/144
f 436/1012/145 433/1007/145 435/1010/145
f 272/666/3 281/688/3 273/667/3
f 443/1026/146 444/1027/146 442/1024/146
f 36/91/147 38/95/147 40/99/147
f 450/1040/148 451/1042/149 454/1047/150
f 55/136/151 63/156/151 66/162/151
f 452/1044/152 453/1046/152 445/1030/152
f 449/1038/153 451/1043/153 450/1039/153
f 507/1142/154 512/1152/155 506/1140/156
f 518/1164/157 515/1157/158 516/1159/159
f 519/1165/160 517/1161/161 518/1162/162
f 856/1941/163 853/1935/163 852/1933/163
f 228/562/39 229/564/39 220/542/39
f 107/268/17 126/315/17 122/304/17
f 704/1583/33 677/1521/33 705/1586/33
f 470/1076/6 468/1071/6 469/1074/6
f 664/1487/33 637/1425/33 638/1427/33
f 463/1061/164 449/1038/164 450/1039/164
f 225/556/3 350/840/3 226/557/3
f 737/1656/165 738/1657/165 730/1645/165
f 508/1143/6 605/1339/6 485/1102/6
f 471/1079/7 516/1158/7 510/1148/7
f 87/218/20 85/212/20 46/114/166
f 241/589/72 248/606/72 249/610/72
f 411/965/167 538/1205/168 536/1198/169
f 719/1625/39 716/1618/39 720/1628/39
f 672/1509/39 697/1563/39 673/1510/39
f 437/1014/170 495/1118/170 436/1011/170
f 480/1094/171 559/1251/172 484/1100/173
f 421/988/174 426/995/175 425/994/176
f 476/1087/177 477/1090/178 489/1109/179
f 809/1834/3 800/1812/3 801/1814/3
f 434/1008/180 431/1004/181 433/1007/182
f 113/283/26 108/269/26 112/281/26
f 495/1119/183 492/1114/183 493/1115/184
f 498/1126/185 500/1129/186 499/1128/187
f 504/1136/188 503/1134/188 502/1133/188
f 764/1722/27 771/1739/27 763/1719/27
f 511/1151/189 513/1154/189 512/1152/189
f 521/1168/190 509/1147/190 510/1149/190
f 140/351/191 109/273/191 143/359/191
f 427/998/192 482/1098/193 486/1104/194
f 160/404/195 153/387/27 152/384/27
f 315/756/196 157/397/197 316/759/198
f 838/1903/65 831/1889/65 830/1888/65
f 824/1872/27 815/1850/27 816/1853/27
f 134/334/5 136/340/5 135/337/5
f 804/1823/72 795/1801/72 796/1803/72
f 832/1892/17 759/1710/17 757/1705/17
f 270/660/17 262/640/17 269/657/17
f 468/1072/7 533/1192/7 469/1075/7
f 534/1193/5 533/1191/5 532/1188/5
f 828/1882/17 751/1689/17 749/1685/17
f 59/149/199 76/187/199 80/199/199
f 465/1066/200 550/1228/200 467/1070/200
f 686/1545/105 693/1557/105 694/1558/105
f 850/1930/201 855/1939/201 854/1937/201
f 441/1022/202 442/1024/202 440/1021/203
f 636/1423/5 635/1419/5 634/1417/5
f 40/99/204 383/913/204 384/915/204
f 907/2073/37 900/2054/37 906/2069/37
f 51/128/205 49/123/205 47/116/205
f 888/2023/6 882/2006/6 378/902/6
f 244/596/27 253/619/27 245/599/27
f 622/1386/206 625/1394/206 624/1389/206
f 272/666/27 279/683/27 280/685/27
f 418/982/207 420/986/208 417/980/209
f 165/417/210 172/435/210 173/437/211
f 937/2152/21 932/2138/21 938/2154/21
f 560/1254/212 408/959/213 571/1276/214
f 907/2072/215 920/2108/215 908/2074/215
f 906/2070/216 919/2104/216 907/2072/216
f 917/2099/6 912/2085/6 918/2101/6
f 39/97/217 33/82/217 35/87/217
f 938/2155/5 933/2141/5 939/2157/5
f 687/1546/6 703/1580/6 696/1561/6
f 922/2112/13 911/2083/13 917/2098/13
f 5/13/16 7/19/16 8/22/16
f 292/715/3 301/730/3 293/718/3
f 21/58/17 22/59/17 6/17/17
f 296/723/218 305/737/218 297/725/218
f 301/731/219 302/732/219 294/720/219
f 166/419/220 151/382/221 158/399/222
f 531/1187/223 527/1180/223 528/1183/223
f 707/1591/6 706/1588/6 682/1535/6
f 317/762/22 302/732/22 309/742/22
f 325/781/18 327/787/224 260/636/18
f 930/2135/37 937/2152/37 936/2149/37
f 315/757/27 308/741/27 307/739/27
f 339/813/39 352/845/39 351/843/39
f 335/803/225 332/796/225 333/798/226
f 872/1981/227 868/1969/227 866/1963/227
f 351/844/27 232/570/27 233/573/27
f 83/208/13 92/231/13 84/209/13
f 906/2070/228 917/2100/228 918/2103/228
f 161/408/229 168/425/229 169/427/230
f 775/1749/65 766/1727/65 767/1729/65
f 446/1032/231 448/1035/231 449/1036/231
f 379/906/232 56/139/232 58/145/232
f 621/1384/233 622/1386/233 620/1379/233
f 478/1091/234 505/1138/235 479/1092/236
f 373/891/21 370/883/21 371/885/21
f 607/1345/237 612/1359/237 613/1363/237
f 406/954/6 560/1254/238 557/1247/6
f 173/438/72 180/455/72 181/458/72
f 90/226/6 95/240/6 96/241/6
f 159/402/239 174/440/239 167/422/240
f 472/1080/241 428/1000/242 427/996/243
f 670/1502/17 700/1572/17 701/1574/17
f 375/897/5 372/887/5 373/889/5
f 267/654/18 324/779/244 323/776/18
f 324/779/245 359/862/89 364/868/89
f 120/299/16 138/345/16 145/365/16
f 117/293/7 133/333/7 114/285/7
f 387/921/105 586/1293/246 596/1317/105
f 386/920/247 596/1318/247 597/1320/247
f 22/60/7 20/55/7 18/48/7
f 390/926/28 587/1296/28 389/924/28
f 392/929/62 589/1302/62 391/927/62
f 394/932/247 593/1310/247 395/933/247
f 605/1340/62 399/939/62 601/1329/62
f 29/73/248 27/69/248 31/77/248
f 401/942/29 592/1307/29 394/932/29
f 563/1259/249 562/1257/249 567/1268/249
f 15/40/16 2/6/16 12/34/16
f 185/464/250 194/478/250 186/465/250
f 188/467/251 195/481/251 196/484/251
f 88/221/37 89/224/37 90/225/37
f 195/480/22 202/498/22 203/500/22
f 66/162/252 53/132/252 51/128/252
f 428/1000/253 460/1057/253 457/1052/254
f 199/490/255 206/508/255 214/529/255
f 211/520/65 220/543/65 212/522/65
f 210/518/22 219/541/22 211/520/22
f 220/544/72 213/526/72 212/523/72
f 100/250/191 150/381/191 108/270/191
f 533/1192/256 526/1178/256 501/1131/256
f 425/994/257 420/986/258 419/985/258
f 435/1010/259 437/1015/259 436/1012/259
f 209/515/3 218/538/3 210/517/3
f 671/1505/6 672/1508/6 673/1511/6
f 732/1648/260 741/1664/260 733/1649/260
f 209/515/27 216/533/27 217/535/27
f 502/1133/261 503/1134/261 501/1132/262
f 224/553/39 225/555/39 216/534/39
f 64/158/263 56/140/263 65/160/263
f 9/26/264 13/36/264 10/27/264
f 465/1066/265 466/1068/265 464/1063/265
f 657/1467/39 632/1412/39 633/1414/39
f 656/1466/266 633/1415/266 628/1401/266
f 102/255/267 111/279/267 109/272/267
f 162/410/268 155/392/22 154/389/22
f 685/1543/247 692/1555/247 693/1556/247
f 662/1481/266 639/1432/266 634/1418/266
f 643/1442/1 650/1456/1 642/1439/1
f 647/1451/102 654/1462/102 646/1448/102
f 705/1586/60 676/1518/60 707/1590/60
f 646/1448/105 653/1460/105 645/1445/105
f 644/1444/29 651/1458/29 643/1440/29
f 253/619/3 246/601/3 245/599/3
f 673/1512/266 696/1562/266 668/1498/266
f 680/1530/28 695/1560/28 688/1549/28
f 706/1589/269 674/1513/269 702/1578/269
f 702/1578/266 679/1526/266 703/1579/266
f 505/1139/113 562/1258/113 563/1260/113
f 677/1522/6 678/1524/6 674/1514/6
f 707/1592/17 675/1517/17 706/1587/17
f 493/1115/270 490/1111/271 491/1112/272
f 645/1447/247 652/1459/247 644/1444/247
f 665/1490/60 636/1424/60 637/1425/60
f 666/1493/269 634/1418/269 635/1420/269
f 276/676/30 285/698/30 277/678/30
f 125/311/273 132/329/273 126/313/273
f 717/1621/16 710/1599/16 716/1617/16
f 736/1654/274 745/1675/274 737/1655/274
f 725/1638/22 734/1651/22 726/1639/22
f 246/602/22 247/604/22 239/584/22
f 719/1626/5 718/1624/5 713/1609/5
f 719/1627/275 721/1631/275 718/1623/275
f 251/614/18 244/597/18 243/594/18
f 729/1643/24 730/1645/24 722/1633/24
f 710/1600/17 709/1598/17 711/1602/17
f 418/983/276 430/1002/277 473/1081/277
f 130/325/7 127/316/7 131/328/7
f 239/584/65 248/607/65 240/586/65
f 727/1641/72 736/1654/72 728/1642/72
f 17/47/7 24/63/7 21/57/7
f 731/1647/278 740/1662/278 732/1648/278
f 257/629/39 258/633/39 250/612/39
f 729/1644/30 736/1654/30 737/1655/30
f 444/1028/279 443/1025/279 503/1135/279
f 687/1548/102 694/1558/102 695/1559/102
f 736/1654/280 743/1670/280 744/1672/280
f 36/92/6 39/98/6 35/89/6
f 261/638/22 262/641/22 255/625/22
f 733/1650/281 742/1668/281 734/1651/281
f 749/1686/18 746/1677/18 747/1679/18
f 755/1700/22 752/1691/22 753/1694/22
f 121/301/267 130/326/267 124/309/267
f 494/1117/282 496/1122/282 497/1124/282
f 404/950/283 571/1278/284 408/957/283
f 761/1716/30 758/1707/30 759/1709/30
f 774/1747/22 765/1725/22 766/1727/22
f 776/1753/72 767/1730/72 768/1733/72
f 754/1697/39 756/1702/39 767/1731/39
f 141/355/17 140/352/17 139/349/17
f 789/1785/3 780/1763/3 781/1764/3
f 241/589/30 250/613/30 242/591/30
f 191/471/18 200/493/18 192/472/18
f 784/1772/17 783/1770/17 775/1751/17
f 783/1771/72 792/1792/72 791/1789/72
f 132/330/26 127/316/26 129/321/26
f 784/1773/30 793/1795/30 792/1792/30
f 786/1778/24 785/1776/24 778/1757/24
f 780/1763/27 787/1781/27 779/1760/27
f 790/1788/22 781/1766/22 782/1767/22
f 771/1741/18 762/1717/18 763/1720/18
f 144/362/285 138/347/285 137/342/285
f 792/1793/39 793/1794/39 800/1813/39
f 478/1091/286 484/1101/287 505/1138/286
f 832/1893/72 839/1905/72 840/1906/72
f 506/1141/7 512/1153/288 527/1181/7
f 803/1820/65 794/1798/65 795/1799/65
f 206/509/24 191/471/24 198/487/24
f 384/915/289 41/102/289 43/107/289
f 810/1837/39 803/1821/39 811/1840/39
f 466/1069/290 529/1184/290 468/1073/290
f 186/465/17 178/451/17 177/447/17
f 820/1862/72 811/1841/72 812/1842/72
f 817/1856/22 818/1857/22 825/1874/22
f 524/1173/164 509/1147/164 523/1170/164
f 815/1851/18 822/1867/18 814/1847/18
f 841/1907/24 826/1878/24 833/1894/24
f 149/376/7 108/269/7 150/379/7
f 548/1225/291 409/961/291 410/962/291
f 609/1351/292 608/1349/292 611/1357/292
f 555/1242/7 553/1237/7 554/1239/7
f 751/1690/27 748/1682/27 749/1684/27
f 825/1875/3 816/1853/3 817/1854/3
f 132/331/293 123/306/293 126/315/293
f 836/1900/3 829/1886/3 828/1883/3
f 555/1243/294 550/1229/294 551/1231/294
f 822/1867/24 813/1846/24 814/1847/24
f 835/1899/27 828/1883/27 827/1879/27
f 805/1825/30 796/1803/30 797/1804/30
f 404/950/295 570/1275/296 561/1256/295
f 860/1949/297 857/1943/297 856/1941/297
f 311/746/72 304/735/72 303/734/72
f 165/418/298 158/401/299 157/398/30
f 916/2096/7 915/2093/7 914/2092/7
f 403/948/300 559/1252/301 570/1273/302
f 860/1949/303 859/1947/303 861/1951/303
f 879/1998/304 874/1986/304 875/1988/304
f 155/392/305 164/414/306 156/394/307
f 378/904/37 889/2025/37 888/2021/37
f 276/676/72 283/692/72 284/695/72
f 864/1958/6 869/1973/6 868/1970/6
f 743/1671/17 742/1667/17 741/1666/17
f 93/233/5 86/216/5 94/235/5
f 891/2031/5 884/2011/5 885/2013/5
f 904/2065/13 905/2066/13 899/2050/13
f 923/2115/308 936/2151/308 924/2119/308
f 925/2120/309 938/2156/309 926/2123/309
f 905/2067/310 922/2113/310 917/2100/310
f 923/2115/311 940/2161/311 935/2148/311
f 285/699/17 284/696/17 293/719/17
f 908/2074/312 921/2111/312 909/2079/312
f 909/2077/43 904/2065/43 903/2061/43
f 167/423/18 176/445/18 168/424/18
f 880/2001/313 879/1998/313 881/2002/313
f 905/2068/6 900/2055/6 899/2051/6
f 901/2057/21 908/2075/21 902/2058/21
f 928/2129/13 893/2036/13 898/2048/13
f 867/1967/70 868/1971/70 869/1972/70
f 297/724/24 290/710/24 289/707/24
f 912/2087/37 919/2105/37 918/2102/37
f 863/1957/314 869/1974/314 865/1960/314
f 939/2158/43 934/2144/43 940/2160/43
f 15/40/264 11/31/264 16/42/264
f 865/1962/315 862/1954/315 863/1955/315
f 895/2041/21 926/2124/21 896/2043/21
f 288/705/30 297/725/30 289/708/30
f 770/1738/24 769/1735/24 762/1717/24
f 292/715/27 299/727/27 300/729/27
f 806/1828/24 797/1806/24 798/1808/24
f 553/1238/316 552/1235/316 549/1226/316
f 328/789/317 330/792/317 331/795/318
f 488/1108/319 519/1165/320 429/1001/321
f 322/773/322 323/775/323 324/778/324
f 57/143/199 92/230/199 82/204/199
f 300/729/325 309/743/325 301/730/325
f 294/720/326 303/733/326 295/721/326
f 96/243/327 73/179/327 67/164/327
f 94/236/327 69/168/327 74/181/327
f 299/728/328 306/738/328 307/740/328
f 289/709/17 290/711/17 282/690/17
f 438/1018/329 415/974/329 525/1175/329
f 137/344/7 116/291/7 144/363/7
f 42/106/6 384/916/6 43/108/6
f 681/1533/10 688/1549/10 689/1550/10
f 149/377/39 150/380/39 147/372/39
f 310/744/330 303/733/65 302/732/65
f 843/1912/7 849/1927/7 845/1916/7
f 186/465/331 195/481/331 187/466/331
f 328/788/22 329/791/22 227/561/22
f 485/1102/332 480/1095/333 484/1101/334
f 319/767/335 236/580/336 228/563/336
f 296/723/337 303/734/337 304/735/337
f 646/1449/5 657/1469/5 656/1465/5
f 757/1706/65 754/1698/65 755/1700/65
f 753/1696/3 750/1687/3 751/1690/3
f 314/754/18 307/740/18 306/738/18
f 256/626/72 340/814/72 338/809/72
f 282/691/65 275/674/65 274/670/65
f 840/1906/30 833/1896/30 832/1893/30
f 23/62/39 24/64/39 8/23/39
f 564/1262/338 566/1266/338 565/1263/338
f 174/441/24 175/443/24 167/423/24
f 340/815/339 342/820/339 341/818/339
f 82/205/5 77/190/5 78/191/5
f 129/323/340 119/297/340 123/307/340
f 391/928/10 589/1300/10 590/1303/10
f 409/961/341 413/970/342 410/962/341
f 261/639/39 247/605/39 254/623/39
f 355/854/65 342/822/65 255/625/65
f 29/74/5 30/76/5 26/68/5
f 398/938/10 602/1332/10 600/1327/10
f 233/573/3 353/848/3 351/844/3
f 149/378/51 106/265/51 112/280/51
f 412/969/343 539/1207/344 410/963/345
f 118/295/6 122/303/6 123/307/6
f 203/501/17 202/499/17 210/519/17
f 455/1048/346 596/1319/347 586/1294/348
f 458/1054/349 455/1048/350 457/1051/351
f 459/1056/352 457/1052/353 460/1057/354
f 627/1400/355 624/1390/355 625/1392/355
f 104/260/293 113/284/293 107/268/293
f 658/1472/33 631/1409/33 632/1411/33
f 614/1365/356 615/1366/356 610/1355/356
f 85/214/21 88/221/21 86/215/21
f 436/1013/357 493/1116/358 434/1009/357
f 355/855/359 341/819/359 342/821/359
f 313/752/24 306/738/24 305/736/24
f 514/1156/360 521/1167/361 510/1150/362
f 153/388/363 313/753/363 312/750/364
f 324/779/365 362/866/366 318/764/366
f 699/1570/60 670/1504/60 701/1575/60
f 122/305/367 99/249/367 103/256/367
f 483/1099/368 595/1316/369 594/1313/369
f 349/839/17 346/831/17 350/842/17
f 400/941/1 605/1340/1 604/1338/1
f 572/1279/119 491/1113/370 489/1109/119
f 432/1006/371 493/1116/372 491/1113/373
f 703/1581/39 678/1525/39 704/1582/39
f 163/413/374 170/430/374 171/432/375
f 551/1233/7 439/1020/376 542/1213/7
f 808/1833/27 799/1811/27 800/1812/27
f 235/578/22 333/799/22 332/797/22
f 204/504/72 197/485/72 196/483/72
f 921/2110/43 916/2097/43 922/2112/43
f 266/651/24 331/794/24 330/793/24
f 585/1292/6 569/1272/6 566/1266/6
f 529/1185/377 528/1183/377 526/1177/377
f 908/2076/5 903/2063/5 902/2059/5
f 308/741/3 317/763/378 309/743/3
f 164/416/379 157/398/72 156/395/72
f 159/403/380 152/386/381 151/382/18
f 97/245/43 94/237/43 98/246/43
f 536/1200/382 413/971/383 411/964/384
f 367/875/13 376/898/13 377/901/13
f 362/866/385 320/769/385 318/764/385
f 170/431/3 177/448/3 178/449/3
f 172/436/65 179/453/65 180/454/65
f 15/41/5 16/43/5 7/21/5
f 927/2127/386 940/2161/386 928/2128/386
f 715/1616/6 721/1632/6 720/1630/6
f 931/2137/7 930/2133/7 929/2132/7
f 74/183/387 71/174/387 73/178/387
f 546/1221/17 548/1224/17 410/963/388
f 92/231/43 81/202/43 82/203/43
f 100/250/389 110/276/389 104/259/389
f 117/294/6 115/288/6 116/289/6
f 660/1477/269 628/1401/269 629/1403/269
f 194/479/3 201/496/3 202/497/3
f 208/514/18 215/531/18 216/532/18
f 223/551/390 238/582/390 231/567/390
f 168/426/27 177/448/27 169/428/27
f 377/901/43 374/893/43 375/895/43
f 173/438/30 182/461/30 174/439/30
f 615/1368/391 607/1346/391 610/1354/391
f 369/881/6 366/871/6 367/873/6
f 629/1405/5 628/1402/5 632/1413/5
f 854/1938/5 856/1942/5 852/1934/5
f 371/885/37 368/878/37 369/879/37
f 271/664/18 278/681/18 279/682/18
f 700/1573/269 668/1498/269 696/1562/269
f 225/556/27 344/827/27 348/836/27
f 246/603/17 239/585/17 238/583/17
f 620/1381/73 622/1385/73 624/1391/73
f 886/2017/16 885/2015/16 374/894/16
f 713/1610/39 714/1613/39 715/1614/39
f 189/468/392 198/489/392 190/469/392
f 8/24/6 13/35/6 14/39/6
f 724/1636/27 731/1647/27 732/1648/27
f 763/1721/39 762/1718/39 746/1678/39
f 777/1756/30 768/1733/30 769/1734/30
f 802/1818/22 801/1816/22 794/1798/22
f 68/167/393 43/109/393 41/101/393
f 822/1868/39 824/1873/39 818/1858/39
f 851/1931/394 842/1910/394 844/1914/394
f 857/1944/6 861/1952/6 855/1940/6
f 875/1990/315 870/1976/315 871/1977/315
f 837/1902/22 830/1888/22 829/1884/22
f 910/2081/395 921/2111/395 922/2113/395
f 379/906/396 68/167/396 380/907/396
f 416/979/397 474/1083/398 414/973/398
f 414/973/399 525/1176/399 415/975/399
f 683/1536/1 682/1534/1 690/1552/1
f 161/407/2 162/409/400 154/390/3
f 102/254/4 140/351/4 141/353/4
f 862/1953/5 870/1975/5 872/1980/5
f 870/1975/5 874/1985/5 872/1980/5
f 874/1985/5 878/1995/5 880/1999/5
f 880/1999/5 876/1991/5 874/1985/5
f 876/1991/5 872/1980/5 874/1985/5
f 866/1964/5 867/1966/5 862/1953/5
f 867/1966/5 863/1956/5 862/1953/5
f 924/2117/6 894/2038/6 893/2034/6
f 446/1031/7 449/1037/7 462/1059/7
f 544/1216/7 545/1218/7 445/1029/7
f 544/1216/7 445/1029/7 453/1045/8
f 446/1031/7 462/1059/7 544/1216/7
f 724/1636/3 732/1648/3 733/1649/3
f 1/1/5 9/25/5 17/45/5
f 9/25/5 10/28/5 17/45/5
f 852/1933/9 853/1935/9 848/1924/9
f 111/277/7 142/356/7 143/360/7
f 929/2130/6 930/2134/6 936/2150/6
f 648/1453/10 640/1433/10 641/1436/10
f 617/1371/11 619/1377/11 618/1373/11
f 261/638/12 358/859/12 361/864/12
f 886/2016/13 882/2005/13 887/2018/13
f 192/473/401 193/475/401 185/464/401
f 50/125/15 54/134/15 52/130/15
f 712/1605/16 718/1623/16 721/1631/16
f 667/1494/17 666/1491/17 635/1421/17
f 787/1779/18 786/1778/18 778/1757/18
f 508/1143/19 507/1142/402 506/1140/19
f 95/239/20 44/110/403 71/172/20
f 71/172/20 72/175/20 97/244/20
f 919/2105/21 913/2089/21 914/2090/21
f 301/731/22 294/720/22 286/700/22
f 443/1025/23 441/1023/23 501/1131/23
f 285/697/24 278/681/24 270/661/24
f 627/1398/25 617/1371/25 616/1369/25
f 133/333/26 134/335/26 125/312/26
f 107/266/26 106/264/26 114/285/26
f 106/264/26 115/287/26 114/285/26
f 133/333/26 125/312/26 126/314/26
f 107/266/26 114/285/26 133/333/26
f 192/474/27 200/492/27 201/496/27
f 713/1608/7 715/1615/7 711/1603/7
f 640/1433/28 648/1453/28 655/1463/28
f 629/1404/17 630/1407/17 661/1478/17
f 393/930/29 386/920/29 597/1320/29
f 205/506/30 206/507/30 198/488/30
f 207/511/24 214/527/24 222/548/24
f 9/26/16 1/2/16 4/10/16
f 119/297/31 127/317/31 128/318/31
f 26/67/32 30/75/32 32/79/32
f 671/1506/33 699/1570/33 698/1566/33
f 520/1166/404 488/1108/404 487/1107/404
f 884/2010/21 890/2027/21 889/2025/21
f 243/594/24 242/592/24 250/611/24
f 845/1917/36 844/1914/36 842/1910/36
f 924/2118/37 925/2121/37 895/2041/37
f 136/339/38 117/292/38 116/290/38
f 801/1815/39 800/1813/39 793/1794/39
f 790/1787/39 791/1791/39 799/1810/39
f 790/1787/39 799/1810/39 798/1807/39
f 801/1815/39 793/1794/39 786/1777/39
f 794/1797/39 801/1815/39 786/1777/39
f 789/1784/39 790/1787/39 797/1805/39
f 790/1787/39 798/1807/39 797/1805/39
f 794/1797/39 786/1777/39 795/1800/39
f 786/1777/39 787/1780/39 795/1800/39
f 788/1782/39 789/1784/39 796/1802/39
f 789/1784/39 797/1805/39 796/1802/39
f 796/1802/39 795/1800/39 787/1780/39
f 807/1829/18 806/1828/18 798/1808/18
f 556/1244/40 555/1241/40 551/1232/40
f 29/73/41 31/77/41 35/88/41
f 821/1864/30 820/1862/30 812/1842/30
f 312/749/30 313/751/30 305/737/30
f 859/1947/42 858/1945/42 854/1937/42
f 101/252/39 120/298/39 124/309/39
f 120/298/39 121/301/39 124/309/39
f 105/262/39 102/255/39 101/252/39
f 75/184/37 79/194/37 80/198/37
f 897/2045/43 927/2125/43 928/2129/43
f 273/668/22 281/687/22 282/691/22
f 91/228/405 83/207/405 60/150/45
f 62/154/406 61/152/406 81/200/407
f 81/200/408 91/228/409 62/154/46
f 880/2000/47 881/2003/47 877/1993/47
f 59/148/5 381/910/5 60/151/5
f 381/910/5 380/908/5 60/151/5
f 588/1299/1 392/929/1 599/1325/1
f 392/929/1 393/931/1 599/1325/1
f 343/824/410 354/850/410 347/833/410
f 354/850/410 355/853/410 347/833/410
f 834/1897/18 835/1898/18 827/1880/18
f 621/1383/411 620/1380/411 618/1374/411
f 814/1848/39 813/1845/39 805/1824/39
f 805/1824/39 806/1827/39 814/1848/39
f 806/1827/39 807/1830/39 815/1849/39
f 807/1830/39 808/1832/39 815/1849/39
f 808/1832/39 809/1835/39 816/1852/39
f 815/1849/39 808/1832/39 816/1852/39
f 892/2032/43 891/2029/43 885/2014/43
f 927/2126/5 897/2046/5 896/2044/5
f 42/104/50 385/918/50 37/93/50
f 139/348/51 142/357/51 111/278/51
f 106/265/52 107/267/52 113/282/52
f 30/75/53 34/84/53 36/90/53
f 130/324/54 131/327/54 125/311/54
f 190/469/55 198/489/55 191/470/55
f 440/1021/412 543/1215/57 542/1211/57
f 28/71/59 50/126/59 48/120/59
f 147/371/4 100/250/5 99/248/4
f 100/250/5 104/259/5 99/248/4
f 104/259/5 103/257/5 99/248/4
f 631/1409/60 659/1474/60 661/1479/60
f 235/577/17 234/574/17 242/593/17
f 234/574/17 233/572/17 242/593/17
f 233/572/17 232/571/17 241/590/17
f 233/572/17 241/590/17 242/593/17
f 237/581/17 236/579/17 244/598/17
f 236/579/17 235/577/17 243/595/17
f 244/598/17 236/579/17 243/595/17
f 189/468/413 188/467/413 196/484/413
f 644/1443/5 643/1441/5 661/1480/5
f 643/1441/5 642/1438/5 665/1489/5
f 641/1437/5 640/1434/5 662/1482/5
f 641/1437/5 662/1482/5 666/1492/5
f 645/1446/5 644/1443/5 659/1473/5
f 643/1441/5 665/1489/5 661/1480/5
f 659/1473/5 644/1443/5 661/1480/5
f 658/1471/5 646/1449/5 645/1446/5
f 659/1473/5 658/1471/5 645/1446/5
f 642/1438/5 641/1437/5 666/1492/5
f 642/1438/5 666/1492/5 667/1495/5
f 664/1488/5 660/1476/5 661/1480/5
f 642/1438/5 667/1495/5 665/1489/5
f 642/1439/62 650/1456/62 649/1455/62
f 682/1534/62 681/1531/62 689/1551/62
f 684/1540/29 683/1537/29 691/1554/29
f 663/1483/39 664/1486/39 638/1428/39
f 765/1724/3 773/1744/3 772/1742/3
f 723/1634/18 722/1633/18 730/1645/18
f 731/1646/63 730/1645/63 738/1657/63
f 747/1679/24 746/1677/24 760/1711/24
f 42/105/64 69/168/64 67/164/64
f 779/1761/17 778/1758/17 771/1740/17
f 771/1740/17 772/1743/17 779/1761/17
f 258/632/24 339/811/24 334/800/24
f 334/800/24 335/802/24 259/634/24
f 277/679/17 270/660/17 269/657/17
f 263/642/17 262/640/17 271/662/17
f 263/642/17 271/662/17 272/665/17
f 277/679/17 269/657/17 268/655/17
f 276/675/17 277/679/17 268/655/17
f 264/645/17 263/642/17 272/665/17
f 264/645/17 272/665/17 265/648/17
f 272/665/17 273/669/17 265/648/17
f 276/675/17 268/655/17 267/653/17
f 275/672/17 276/675/17 267/653/17
f 274/671/17 275/672/17 267/653/17
f 265/648/17 273/669/17 266/650/17
f 273/669/17 274/671/17 266/650/17
f 257/630/30 352/846/30 339/812/30
f 78/192/21 77/188/21 75/184/21
f 791/1790/65 790/1788/65 782/1767/65
f 408/958/66 407/955/414 405/951/66
f 407/955/414 406/953/414 405/951/66
f 406/953/414 402/944/414 405/951/66
f 405/951/66 403/946/66 408/958/66
f 810/1838/65 811/1839/65 819/1859/65
f 925/2120/67 924/2119/67 936/2151/67
f 96/242/13 95/238/13 97/245/13
f 402/945/5 558/1249/5 559/1252/68
f 871/1977/69 870/1976/69 862/1954/69
f 876/1992/70 877/1993/70 873/1982/70
f 927/2127/71 926/2123/71 938/2156/71
f 582/1289/5 567/1268/5 568/1269/5
f 897/2047/16 898/2049/16 895/2040/16
f 898/2049/16 893/2035/16 895/2040/16
f 893/2035/16 894/2039/16 895/2040/16
f 286/700/65 294/720/65 295/721/65
f 288/705/72 287/703/72 295/722/72
f 934/2144/13 929/2131/13 935/2147/13
f 920/2107/5 914/2091/5 915/2094/5
f 608/1347/73 613/1362/73 614/1364/73
f 891/2030/16 892/2033/16 887/2019/16
f 887/2019/16 888/2022/16 891/2030/16
f 888/2022/16 889/2024/16 891/2030/16
f 2/4/6 18/49/6 12/33/6
f 18/49/6 20/54/6 11/30/6
f 517/1160/74 487/1106/415 483/1099/75
f 343/823/18 344/825/18 224/552/18
f 231/567/18 232/569/18 336/804/18
f 232/569/18 337/806/18 336/804/18
f 343/823/18 224/552/18 223/551/18
f 354/851/18 343/823/18 223/551/18
f 231/567/18 336/804/18 341/817/18
f 341/817/18 354/851/18 231/567/18
f 300/729/77 299/727/77 307/739/77
f 298/726/18 299/728/18 291/712/18
f 298/726/78 297/724/78 305/736/78
f 79/195/6 83/206/6 84/210/6
f 369/880/7 367/874/7 377/900/7
f 377/900/7 375/896/7 369/880/7
f 375/896/7 373/890/7 369/880/7
f 734/1651/79 742/1668/79 743/1669/79
f 759/1709/72 758/1707/72 756/1701/72
f 326/783/82 321/770/416 327/786/80
f 321/770/417 320/768/418 327/786/80
f 726/1639/65 734/1651/65 735/1652/65
f 345/828/72 347/834/72 263/643/72
f 263/643/72 264/646/72 345/828/72
f 346/830/30 349/838/30 264/646/30
f 413/971/83 535/1197/419 537/1201/84
f 607/1344/86 606/1341/86 609/1350/86
f 321/770/87 319/766/420 318/765/7
f 327/787/88 365/869/89 356/856/89
f 541/1209/39 542/1212/39 540/1208/39
f 542/1212/39 543/1214/39 540/1208/39
f 543/1214/39 538/1205/421 409/960/39
f 409/960/39 547/1222/39 543/1214/39
f 619/1378/86 617/1372/86 627/1399/86
f 627/1399/86 625/1393/86 619/1378/86
f 625/1393/86 623/1387/86 619/1378/86
f 268/656/90 360/863/90 359/861/91
f 268/656/92 269/658/92 361/865/93
f 327/787/422 320/769/423 363/867/424
f 171/433/22 170/429/22 178/450/22
f 363/867/96 362/866/96 364/868/96
f 847/1921/97 846/1919/97 848/1924/97
f 190/469/17 183/462/17 182/459/17
f 181/457/17 180/456/17 189/468/17
f 189/468/17 190/469/17 182/459/17
f 612/1360/98 615/1367/98 614/1364/98
f 903/2062/16 904/2064/16 899/2052/16
f 899/2052/16 900/2053/16 901/2056/16
f 901/2056/16 902/2060/16 899/2052/16
f 378/903/16 882/2007/16 368/876/16
f 882/2007/16 366/872/16 368/876/16
f 370/882/16 372/888/16 883/2008/16
f 372/888/16 884/2012/16 883/2008/16
f 370/882/16 883/2008/16 368/876/16
f 77/189/100 81/200/100 61/152/100
f 59/149/99 60/150/99 83/207/100
f 59/149/99 83/207/100 79/196/100
f 77/189/100 61/152/100 75/185/100
f 61/152/100 59/149/99 75/185/100
f 594/1312/101 595/1314/102 397/937/102
f 389/925/102 587/1295/102 586/1293/103
f 595/1315/28 602/1332/28 398/938/28
f 184/463/425 183/462/425 191/470/425
f 395/934/105 593/1309/105 594/1312/106
f 519/1165/107 518/1162/426 458/1055/427
f 214/528/30 213/526/30 221/546/30
f 427/997/110 428/999/428 424/992/111
f 477/1090/429 479/1093/430 579/1286/113
f 477/1090/431 579/1286/113 418/983/432
f 579/1286/113 576/1283/433 418/983/434
f 419/984/113 418/983/432 576/1283/433
f 564/1261/113 565/1264/113 419/984/113
f 578/1285/113 563/1260/113 577/1284/113
f 563/1260/113 564/1261/113 577/1284/113
f 576/1283/113 577/1284/113 564/1261/113
f 453/1046/435 452/1044/436 447/1033/437
f 424/992/438 428/999/439 457/1051/117
f 430/1002/119 432/1006/440 574/1281/119
f 575/1282/119 473/1081/119 430/1002/119
f 422/989/120 421/988/441 423/990/442
f 64/158/123 65/160/123 52/130/123
f 417/980/127 420/986/443 539/1206/5
f 420/986/443 426/995/5 447/1033/444
f 426/995/5 422/989/445 589/1301/5
f 422/989/445 590/1304/5 589/1301/5
f 420/986/443 447/1033/444 452/1044/5
f 426/995/5 589/1301/5 588/1298/5
f 588/1298/5 599/1326/5 448/1035/5
f 599/1326/5 454/1047/5 448/1035/5
f 426/995/5 588/1298/5 448/1035/5
f 454/1047/5 451/1042/5 448/1035/5
f 426/995/5 448/1035/5 447/1033/444
f 420/986/443 452/1044/5 539/1206/5
f 452/1044/5 445/1030/5 539/1206/5
f 445/1030/5 545/1219/5 539/1206/5
f 415/976/5 438/1017/5 414/972/5
f 438/1017/5 435/1010/5 414/972/5
f 416/977/446 414/972/5 435/1010/5
f 442/1024/5 444/1027/5 433/1007/5
f 444/1027/5 416/977/447 433/1007/5
f 543/1215/128 440/1021/448 538/1204/449
f 440/1021/448 442/1024/5 431/1004/450
f 538/1204/449 440/1021/448 536/1199/451
f 433/1007/5 416/977/446 435/1010/5
f 440/1021/448 431/1004/450 536/1199/451
f 535/1196/128 536/1199/451 417/980/127
f 442/1024/5 433/1007/5 431/1004/450
f 417/980/127 539/1206/5 537/1202/128
f 431/1004/450 417/980/127 536/1199/451
f 25/65/129 47/117/129 49/122/129
f 195/480/65 203/500/65 204/502/65
f 481/1096/452 483/1099/453 482/1097/454
f 483/1099/133 487/1106/455 486/1105/134
f 487/1107/136 488/1108/136 472/1080/137
f 431/1003/141 432/1006/456 430/1002/457
f 430/1002/457 418/983/458 417/981/140
f 518/1163/142 516/1158/459 456/1049/143
f 436/1012/145 434/1008/460 433/1007/145
f 272/666/3 280/685/3 281/688/3
f 36/91/147 34/85/147 38/95/147
f 454/1047/461 455/1048/462 456/1050/461
f 456/1050/461 450/1040/463 454/1047/150
f 55/136/151 57/142/151 63/156/151
f 449/1038/153 448/1034/153 451/1043/153
f 507/1142/464 511/1151/465 512/1152/155
f 518/1164/157 517/1160/466 515/1157/467
f 519/1165/160 520/1166/468 517/1161/469
f 856/1941/163 857/1943/163 853/1935/163
f 223/550/39 224/553/39 215/530/39
f 223/550/39 215/530/39 230/565/39
f 215/530/39 222/549/39 230/565/39
f 218/539/39 225/555/39 226/558/39
f 219/540/39 218/539/39 226/558/39
f 230/565/39 222/549/39 229/564/39
f 222/549/39 221/545/39 229/564/39
f 219/540/39 226/558/39 227/560/39
f 220/542/39 219/540/39 228/562/39
f 219/540/39 227/560/39 228/562/39
f 229/564/39 221/545/39 220/542/39
f 126/315/17 123/306/17 122/304/17
f 122/304/17 103/258/17 107/268/17
f 103/258/17 104/260/17 107/268/17
f 704/1583/33 678/1523/33 677/1521/33
f 664/1487/33 665/1490/33 637/1425/33
f 463/1061/164 462/1060/164 449/1038/164
f 225/556/3 348/836/3 350/840/3
f 737/1656/165 745/1674/165 738/1657/165
f 494/1117/6 497/1124/6 474/1082/6
f 497/1124/6 525/1174/6 474/1082/6
f 474/1082/6 475/1084/470 494/1117/6
f 475/1084/470 504/1136/6 492/1114/6
f 504/1136/6 502/1133/6 492/1114/6
f 502/1133/6 499/1128/471 490/1111/472
f 499/1128/471 500/1129/6 476/1088/473
f 490/1111/472 499/1128/474 476/1088/473
f 500/1129/6 513/1154/6 476/1088/473
f 513/1154/6 511/1151/6 476/1088/473
f 511/1151/6 507/1142/475 478/1091/476
f 476/1088/473 511/1151/6 478/1091/476
f 492/1114/6 494/1117/6 475/1084/470
f 502/1133/6 490/1111/472 492/1114/6
f 508/1143/6 521/1167/6 514/1156/6
f 507/1142/475 508/1143/6 485/1102/6
f 485/1102/6 478/1091/476 507/1142/475
f 508/1143/6 514/1156/6 604/1337/6
f 481/1096/477 485/1102/6 601/1330/6
f 601/1330/6 485/1102/6 605/1339/6
f 601/1330/6 600/1328/6 481/1096/477
f 508/1143/6 604/1337/6 605/1339/6
f 461/1058/7 463/1062/7 450/1041/7
f 450/1041/7 456/1049/7 471/1079/7
f 456/1049/7 516/1158/7 471/1079/7
f 510/1148/7 524/1172/7 522/1169/7
f 471/1079/7 461/1058/7 450/1041/7
f 510/1148/7 522/1169/7 471/1079/7
f 45/112/166 44/110/478 87/218/20
f 44/110/479 95/239/20 89/222/20
f 44/110/478 89/222/20 87/218/20
f 93/232/20 97/244/20 72/175/20
f 85/212/20 93/232/20 72/175/20
f 46/114/166 45/112/166 87/218/20
f 85/212/20 72/175/20 46/114/166
f 241/589/72 240/587/72 248/606/72
f 411/965/480 409/960/481 538/1205/168
f 719/1625/39 717/1620/39 716/1618/39
f 672/1509/39 698/1567/39 697/1563/39
f 437/1014/170 496/1121/170 495/1118/170
f 569/1271/482 557/1248/482 425/993/483
f 557/1248/482 560/1253/484 425/993/483
f 419/984/482 565/1264/482 566/1265/482
f 482/1098/485 423/991/486 561/1255/487
f 423/991/488 421/987/489 571/1277/490
f 425/993/483 419/984/482 569/1271/482
f 419/984/482 566/1265/482 569/1271/482
f 421/987/489 425/993/483 560/1253/484
f 567/1267/482 562/1258/482 505/1139/482
f 559/1251/172 558/1250/482 484/1100/173
f 558/1250/482 568/1270/482 484/1100/173
f 568/1270/482 567/1267/482 505/1139/482
f 423/991/488 571/1277/491 561/1255/487
f 421/987/489 560/1253/484 571/1277/491
f 482/1098/492 561/1255/493 570/1274/494
f 480/1094/495 482/1098/496 570/1274/494
f 480/1094/171 570/1274/494 559/1251/172
f 568/1270/482 505/1139/482 484/1100/173
f 421/988/174 422/989/497 426/995/175
f 489/1109/179 491/1113/498 490/1110/499
f 490/1110/499 476/1087/500 489/1109/179
f 809/1834/3 808/1833/3 800/1812/3
f 434/1008/501 432/1005/502 431/1004/181
f 113/283/26 110/274/26 108/269/26
f 495/1119/183 494/1117/183 492/1114/183
f 764/1722/27 772/1742/27 771/1739/27
f 521/1168/503 508/1144/503 509/1147/503
f 140/351/191 102/254/191 109/273/191
f 427/998/192 423/991/504 482/1098/193
f 160/404/195 161/407/505 153/387/27
f 315/756/506 314/755/506 156/396/507
f 314/755/196 155/393/196 156/396/507
f 156/396/198 157/397/197 315/756/196
f 157/397/508 158/400/509 317/761/508
f 158/400/509 151/383/509 310/745/510
f 317/761/511 158/400/509 310/745/510
f 157/397/508 317/761/508 316/759/512
f 838/1903/65 839/1904/65 831/1889/65
f 824/1872/27 823/1869/27 815/1850/27
f 134/334/5 133/332/5 136/340/5
f 804/1823/72 803/1819/72 795/1801/72
f 753/1695/17 751/1689/17 829/1885/17
f 753/1695/17 829/1885/17 755/1699/17
f 829/1885/17 830/1887/17 755/1699/17
f 826/1877/17 827/1881/17 747/1680/17
f 833/1895/17 826/1877/17 761/1715/17
f 826/1877/17 747/1680/17 761/1715/17
f 755/1699/17 830/1887/17 831/1890/17
f 832/1892/17 833/1895/17 759/1710/17
f 833/1895/17 761/1715/17 759/1710/17
f 757/1705/17 755/1699/17 831/1890/17
f 757/1705/17 831/1890/17 832/1892/17
f 270/660/17 271/662/17 262/640/17
f 468/1072/7 532/1189/7 533/1192/7
f 828/1882/17 829/1885/17 751/1689/17
f 749/1685/17 747/1680/17 827/1881/17
f 827/1881/17 828/1882/17 749/1685/17
f 84/211/199 381/909/199 80/199/199
f 381/909/199 59/149/199 80/199/199
f 59/149/199 61/152/199 76/187/199
f 61/152/199 382/911/199 78/193/199
f 76/187/199 61/152/199 78/193/199
f 686/1545/105 685/1541/105 693/1557/105
f 850/1930/201 851/1931/201 855/1939/201
f 440/1021/513 439/1019/514 441/1022/515
f 441/1022/202 443/1026/202 442/1024/202
f 634/1417/5 639/1431/5 638/1429/5
f 638/1429/5 637/1426/5 634/1417/5
f 637/1426/5 636/1423/5 634/1417/5
f 40/99/204 38/95/204 383/913/204
f 907/2073/37 901/2057/37 900/2054/37
f 51/128/205 53/132/205 49/123/205
f 888/2023/6 887/2020/6 882/2006/6
f 244/596/27 252/616/27 253/619/27
f 622/1386/206 623/1388/206 625/1394/206
f 272/666/27 271/663/27 279/683/27
f 418/982/207 419/985/516 420/986/208
f 165/417/517 164/415/517 172/435/517
f 173/437/211 174/440/211 165/417/210
f 174/440/211 166/420/211 165/417/210
f 937/2152/21 931/2136/21 932/2138/21
f 560/1254/518 407/956/519 408/959/519
f 907/2072/215 919/2104/215 920/2108/215
f 906/2070/216 918/2103/216 919/2104/216
f 917/2099/6 911/2082/6 912/2085/6
f 39/97/217 37/93/217 33/82/217
f 938/2155/5 932/2139/5 933/2141/5
f 697/1564/6 698/1568/6 686/1544/6
f 686/1544/6 687/1546/6 696/1561/6
f 687/1546/6 680/1529/6 703/1580/6
f 680/1529/6 702/1577/6 703/1580/6
f 703/1580/6 704/1584/6 696/1561/6
f 696/1561/6 697/1564/6 686/1544/6
f 922/2112/13 916/2097/13 911/2083/13
f 5/13/16 6/16/16 7/19/16
f 292/715/3 300/729/3 301/730/3
f 5/14/17 4/11/17 1/3/17
f 1/3/17 17/46/17 5/14/17
f 17/46/17 21/58/17 5/14/17
f 22/59/17 18/50/17 6/17/17
f 18/50/17 2/5/17 6/17/17
f 2/5/17 3/7/17 6/17/17
f 6/17/17 5/14/17 21/58/17
f 296/723/218 304/735/218 305/737/218
f 301/731/219 309/742/219 302/732/219
f 166/419/220 159/403/520 151/382/221
f 531/1187/223 530/1186/223 527/1180/223
f 700/1571/6 696/1561/6 704/1584/6
f 700/1571/6 704/1584/6 701/1576/6
f 704/1584/6 705/1585/6 701/1576/6
f 699/1569/6 701/1576/6 684/1539/6
f 701/1576/6 705/1585/6 683/1538/6
f 684/1539/6 701/1576/6 683/1538/6
f 685/1542/6 686/1544/6 698/1568/6
f 685/1542/6 698/1568/6 699/1569/6
f 684/1539/6 685/1542/6 699/1569/6
f 702/1577/6 680/1529/6 681/1532/6
f 706/1588/6 702/1577/6 681/1532/6
f 682/1535/6 683/1538/6 705/1585/6
f 682/1535/6 705/1585/6 707/1591/6
f 706/1588/6 681/1532/6 682/1535/6
f 317/762/22 310/744/22 302/732/22
f 260/636/18 259/634/18 325/781/18
f 259/634/18 335/802/18 325/781/18
f 930/2135/37 931/2136/37 937/2152/37
f 315/757/27 316/760/27 308/741/27
f 332/796/39 334/801/39 353/847/39
f 334/801/39 339/813/39 353/847/39
f 352/845/39 338/810/39 351/843/39
f 338/810/39 336/805/39 337/807/39
f 338/810/39 337/807/39 351/843/39
f 353/847/39 339/813/39 351/843/39
f 333/798/521 326/784/522 335/803/225
f 326/784/523 325/782/523 335/803/225
f 335/803/225 334/801/225 332/796/225
f 872/1981/227 873/1983/227 868/1969/227
f 351/844/27 337/808/27 232/570/27
f 83/208/13 91/229/13 92/231/13
f 906/2070/228 905/2067/228 917/2100/228
f 161/408/524 160/405/524 168/425/524
f 169/427/230 170/430/230 161/408/229
f 170/430/525 162/411/525 161/408/229
f 775/1749/65 774/1747/65 766/1727/65
f 446/1032/231 447/1033/526 448/1035/231
f 379/906/232 380/907/232 56/139/232
f 621/1384/233 623/1388/233 622/1386/233
f 479/1092/236 477/1089/527 476/1088/528
f 476/1088/528 478/1091/529 479/1092/530
f 373/891/21 372/886/21 370/883/21
f 608/1348/237 606/1342/237 613/1363/237
f 606/1342/237 607/1345/237 613/1363/237
f 406/954/6 407/956/6 560/1254/238
f 173/438/72 172/434/72 180/455/72
f 90/226/6 89/223/6 95/240/6
f 168/425/240 160/405/240 159/402/239
f 159/402/531 166/420/531 174/440/531
f 167/422/240 168/425/240 159/402/239
f 472/1080/241 429/1001/241 428/1000/242
f 670/1502/17 669/1499/17 700/1572/17
f 375/897/5 374/892/5 372/887/5
f 323/776/18 331/794/18 267/654/18
f 331/794/18 266/651/18 267/654/18
f 324/779/245 267/654/89 359/862/89
f 120/299/16 101/253/16 138/345/16
f 101/253/16 141/354/16 138/345/16
f 99/249/16 118/296/16 145/365/16
f 118/296/16 120/299/16 145/365/16
f 145/365/16 148/374/16 99/249/16
f 117/293/7 136/341/7 133/333/7
f 387/921/105 388/923/105 586/1293/532
f 386/920/247 387/922/247 596/1318/247
f 22/60/7 23/61/7 20/55/7
f 390/926/28 591/1305/28 587/1296/28
f 392/929/62 588/1299/62 589/1302/62
f 394/932/247 592/1307/247 593/1310/247
f 605/1340/62 400/941/62 399/939/62
f 29/73/248 25/65/248 27/69/248
f 401/942/29 603/1334/29 592/1307/29
f 567/1268/249 582/1289/533 583/1290/534
f 583/1290/535 563/1259/249 567/1268/249
f 15/40/16 3/8/16 2/6/16
f 185/464/536 193/475/536 194/478/536
f 188/467/251 187/466/251 195/481/251
f 88/221/37 87/219/37 89/224/37
f 195/480/22 194/477/22 202/498/22
f 66/162/252 63/156/252 53/132/252
f 428/1000/253 429/1001/253 460/1057/253
f 207/510/17 208/513/17 200/494/17
f 205/505/17 204/503/17 213/525/17
f 204/503/537 212/524/537 213/525/537
f 207/510/17 200/494/17 199/490/17
f 205/505/17 213/525/17 214/529/17
f 214/529/17 207/510/17 199/490/17
f 206/508/537 205/505/537 214/529/537
f 211/520/65 219/541/65 220/543/65
f 210/518/22 218/537/22 219/541/22
f 220/544/72 221/546/72 213/526/72
f 100/250/191 147/371/191 150/381/191
f 501/1131/256 441/1023/256 469/1075/256
f 441/1023/256 439/1020/538 464/1064/256
f 469/1075/256 441/1023/256 464/1064/256
f 439/1020/539 465/1067/256 464/1064/256
f 464/1064/256 470/1077/256 469/1075/256
f 533/1192/256 534/1194/256 526/1178/256
f 528/1182/256 498/1127/540 526/1178/256
f 498/1127/541 501/1131/256 526/1178/256
f 501/1131/256 469/1075/256 533/1192/256
f 425/994/257 426/995/258 420/986/258
f 435/1010/259 438/1017/259 437/1015/259
f 209/515/3 217/535/3 218/538/3
f 673/1511/6 668/1497/6 671/1505/6
f 668/1497/6 669/1500/6 671/1505/6
f 669/1500/6 670/1503/6 671/1505/6
f 732/1648/260 740/1662/260 741/1664/260
f 209/515/27 208/512/27 216/533/27
f 501/1132/262 498/1126/542 499/1128/543
f 499/1128/543 502/1133/261 501/1132/262
f 225/555/39 218/539/39 217/536/39
f 216/534/39 215/530/39 224/553/39
f 225/555/39 217/536/39 216/534/39
f 64/158/263 58/146/263 56/140/263
f 9/26/264 14/38/264 13/36/264
f 465/1066/265 467/1070/265 466/1068/265
f 657/1467/39 658/1470/39 632/1412/39
f 656/1466/266 657/1468/266 633/1415/266
f 102/255/267 105/262/267 111/279/267
f 162/410/268 163/412/544 155/392/22
f 685/1543/247 684/1540/247 692/1555/247
f 662/1481/266 663/1484/266 639/1432/266
f 643/1442/1 651/1457/1 650/1456/1
f 647/1451/102 655/1464/102 654/1462/102
f 705/1586/60 677/1521/60 676/1518/60
f 646/1448/105 654/1462/105 653/1460/105
f 644/1444/29 652/1459/29 651/1458/29
f 253/619/3 254/621/3 246/601/3
f 673/1512/266 697/1565/266 696/1562/266
f 680/1530/28 687/1547/28 695/1560/28
f 706/1589/269 675/1515/269 674/1513/269
f 702/1578/266 674/1513/266 679/1526/266
f 563/1260/113 578/1285/113 479/1093/545
f 578/1285/113 579/1286/113 479/1093/545
f 479/1093/545 505/1139/113 563/1260/113
f 678/1524/6 679/1527/6 674/1514/6
f 674/1514/6 675/1516/6 676/1519/6
f 676/1519/6 677/1522/6 674/1514/6
f 707/1592/17 676/1520/17 675/1517/17
f 493/1115/546 492/1114/546 490/1111/547
f 645/1447/247 653/1461/247 652/1459/247
f 665/1490/60 667/1496/60 636/1424/60
f 666/1493/269 662/1481/269 634/1418/269
f 276/676/30 284/695/30 285/698/30
f 125/311/273 131/327/273 132/329/273
f 717/1621/16 708/1593/16 710/1599/16
f 736/1654/274 744/1672/274 745/1675/274
f 725/1638/22 733/1650/22 734/1651/22
f 246/602/22 254/622/22 247/604/22
f 718/1624/5 712/1606/5 713/1609/5
f 713/1609/5 709/1597/5 719/1626/5
f 709/1597/5 708/1594/5 719/1626/5
f 708/1594/5 717/1622/5 719/1626/5
f 719/1627/275 720/1629/275 721/1631/275
f 251/614/18 252/617/18 244/597/18
f 729/1643/24 737/1656/24 730/1645/24
f 710/1600/17 708/1595/17 709/1598/17
f 473/1081/277 489/1109/277 477/1090/548
f 477/1090/548 418/983/549 473/1081/277
f 130/325/7 128/319/7 127/316/7
f 239/584/65 247/604/65 248/607/65
f 727/1641/72 735/1653/72 736/1654/72
f 17/47/7 19/52/7 24/63/7
f 731/1647/278 739/1660/278 740/1662/278
f 259/635/39 260/637/39 251/615/39
f 259/635/39 251/615/39 258/633/39
f 251/615/39 250/612/39 258/633/39
f 248/608/39 256/627/39 257/629/39
f 249/609/39 248/608/39 257/629/39
f 250/612/39 249/609/39 257/629/39
f 729/1644/30 728/1642/30 736/1654/30
f 503/1135/279 504/1137/279 444/1028/279
f 504/1137/279 475/1085/550 444/1028/279
f 475/1085/550 416/978/551 444/1028/279
f 687/1548/102 686/1545/102 694/1558/102
f 736/1654/280 735/1653/280 743/1670/280
f 31/78/6 32/80/6 35/89/6
f 32/80/6 36/92/6 35/89/6
f 40/100/6 384/916/6 39/98/6
f 36/92/6 40/100/6 39/98/6
f 261/638/22 269/659/22 262/641/22
f 733/1650/281 741/1665/281 742/1668/281
f 749/1686/18 748/1681/18 746/1677/18
f 755/1700/22 754/1698/22 752/1691/22
f 121/301/267 128/320/267 130/326/267
f 494/1117/282 495/1119/282 496/1122/282
f 404/950/552 561/1256/553 571/1278/284
f 761/1716/30 760/1712/30 758/1707/30
f 774/1747/22 773/1745/22 765/1725/22
f 776/1753/72 775/1750/72 767/1730/72
f 766/1728/39 765/1726/39 752/1693/39
f 758/1708/39 760/1713/39 768/1732/39
f 758/1708/39 768/1732/39 767/1731/39
f 766/1728/39 752/1693/39 754/1697/39
f 756/1702/39 758/1708/39 767/1731/39
f 767/1731/39 766/1728/39 754/1697/39
f 137/343/17 138/346/17 139/349/17
f 138/346/17 141/355/17 139/349/17
f 140/352/17 143/361/17 142/358/17
f 140/352/17 142/358/17 139/349/17
f 789/1785/3 788/1783/3 780/1763/3
f 241/589/30 249/610/30 250/613/30
f 191/471/18 199/491/18 200/493/18
f 770/1737/17 771/1740/17 778/1758/17
f 781/1765/17 780/1762/17 772/1743/17
f 781/1765/17 772/1743/17 773/1746/17
f 770/1737/17 778/1758/17 777/1754/17
f 778/1758/17 785/1774/17 777/1754/17
f 782/1768/17 781/1765/17 773/1746/17
f 782/1768/17 773/1746/17 774/1748/17
f 777/1754/17 785/1774/17 776/1752/17
f 785/1774/17 784/1772/17 776/1752/17
f 783/1770/17 782/1768/17 774/1748/17
f 775/1751/17 776/1752/17 784/1772/17
f 783/1770/17 774/1748/17 775/1751/17
f 783/1771/72 784/1773/72 792/1792/72
f 132/330/26 131/328/26 127/316/26
f 784/1773/30 785/1775/30 793/1795/30
f 786/1778/24 793/1796/24 785/1776/24
f 780/1763/27 788/1783/27 787/1781/27
f 790/1788/22 789/1786/22 781/1766/22
f 771/1741/18 770/1738/18 762/1717/18
f 144/362/285 145/366/285 138/347/285
f 800/1813/39 799/1810/39 792/1793/39
f 799/1810/39 791/1791/39 792/1793/39
f 478/1091/286 485/1102/286 484/1101/287
f 832/1893/72 831/1891/72 839/1905/72
f 500/1130/7 498/1127/554 527/1181/7
f 498/1127/554 528/1182/7 527/1181/7
f 527/1181/7 523/1171/7 506/1141/7
f 523/1171/7 509/1146/7 506/1141/7
f 512/1153/288 513/1155/7 527/1181/7
f 513/1155/7 500/1130/7 527/1181/7
f 803/1820/65 802/1818/65 794/1798/65
f 206/509/24 199/491/24 191/471/24
f 384/915/289 383/913/289 41/102/289
f 817/1855/39 816/1852/39 809/1835/39
f 809/1835/39 802/1817/39 817/1855/39
f 802/1817/39 803/1821/39 810/1837/39
f 817/1855/39 802/1817/39 810/1837/39
f 803/1821/39 804/1822/39 811/1840/39
f 804/1822/39 805/1824/39 812/1843/39
f 811/1840/39 804/1822/39 812/1843/39
f 805/1824/39 813/1845/39 812/1843/39
f 529/1184/290 526/1179/290 532/1190/290
f 526/1179/290 534/1195/290 532/1190/290
f 470/1078/290 464/1065/290 468/1073/290
f 464/1065/290 466/1069/290 468/1073/290
f 529/1184/290 532/1190/290 468/1073/290
f 188/467/17 189/468/17 180/456/17
f 175/442/17 182/459/17 183/462/17
f 175/442/17 183/462/17 176/444/17
f 183/462/17 184/463/17 176/444/17
f 188/467/17 180/456/17 187/466/17
f 180/456/17 179/452/17 187/466/17
f 176/444/17 184/463/17 177/447/17
f 184/463/17 185/464/17 177/447/17
f 187/466/17 179/452/17 186/465/17
f 179/452/17 178/451/17 186/465/17
f 185/464/17 186/465/17 177/447/17
f 820/1862/72 819/1860/72 811/1841/72
f 817/1856/22 810/1838/22 818/1857/22
f 524/1173/164 510/1149/164 509/1147/164
f 815/1851/18 823/1870/18 822/1867/18
f 841/1907/24 834/1897/24 826/1878/24
f 149/376/7 112/281/7 108/269/7
f 548/1225/291 547/1223/291 409/961/291
f 609/1351/292 606/1343/292 608/1349/292
f 555/1242/7 556/1245/7 553/1237/7
f 751/1690/27 750/1687/27 748/1682/27
f 825/1875/3 824/1872/3 816/1853/3
f 132/331/293 129/322/293 123/306/293
f 836/1900/3 837/1901/3 829/1886/3
f 555/1243/555 554/1240/555 550/1229/555
f 822/1867/24 821/1865/24 813/1846/24
f 835/1899/27 836/1900/27 828/1883/27
f 805/1825/30 804/1823/30 796/1803/30
f 404/950/556 403/947/556 570/1275/557
f 860/1949/297 861/1951/297 857/1943/297
f 311/746/72 312/749/72 304/735/72
f 165/418/298 166/421/558 158/401/299
f 914/2092/7 913/2088/7 912/2086/7
f 912/2086/7 911/2084/7 914/2092/7
f 911/2084/7 916/2096/7 914/2092/7
f 403/948/559 405/952/559 559/1252/301
f 860/1949/303 858/1945/303 859/1947/303
f 879/1998/304 878/1996/304 874/1986/304
f 155/392/305 163/412/560 164/414/561
f 378/904/37 883/2009/37 889/2025/37
f 276/676/72 275/673/72 283/692/72
f 873/1984/6 877/1994/6 875/1989/6
f 877/1994/6 881/2004/6 875/1989/6
f 881/2004/6 879/1997/6 875/1989/6
f 875/1989/6 871/1978/6 873/1984/6
f 871/1978/6 864/1958/6 873/1984/6
f 864/1958/6 865/1961/6 869/1973/6
f 868/1970/6 873/1984/6 864/1958/6
f 741/1666/17 740/1663/17 739/1661/17
f 739/1661/17 738/1658/17 741/1666/17
f 738/1658/17 745/1676/17 741/1666/17
f 745/1676/17 744/1673/17 741/1666/17
f 744/1673/17 743/1671/17 741/1666/17
f 93/233/5 85/213/5 86/216/5
f 891/2031/5 890/2028/5 884/2011/5
f 904/2065/13 910/2080/13 905/2066/13
f 923/2115/308 935/2148/308 936/2151/308
f 925/2120/309 937/2153/309 938/2156/309
f 905/2067/310 910/2081/310 922/2113/310
f 923/2115/311 928/2128/311 940/2161/311
f 293/719/17 286/701/17 278/680/17
f 278/680/17 285/699/17 293/719/17
f 908/2074/312 920/2108/312 921/2111/312
f 909/2077/43 910/2080/43 904/2065/43
f 167/423/18 175/443/18 176/445/18
f 880/2001/313 878/1996/313 879/1998/313
f 905/2068/6 906/2071/6 900/2055/6
f 901/2057/21 907/2073/21 908/2075/21
f 928/2129/13 923/2116/13 893/2036/13
f 867/1967/70 866/1965/70 868/1971/70
f 297/724/24 298/726/24 290/710/24
f 912/2087/37 913/2089/37 919/2105/37
f 863/1957/314 867/1968/314 869/1974/314
f 939/2158/43 933/2142/43 934/2144/43
f 15/40/264 12/34/264 11/31/264
f 865/1962/315 864/1959/315 862/1954/315
f 895/2041/21 925/2121/21 926/2124/21
f 288/705/30 296/723/30 297/725/30
f 770/1738/24 777/1755/24 769/1735/24
f 292/715/27 291/713/27 299/727/27
f 806/1828/24 805/1826/24 797/1806/24
f 553/1238/316 556/1246/316 552/1235/316
f 323/777/318 322/772/562 331/795/318
f 322/772/562 329/790/563 331/795/318
f 329/790/563 328/789/563 331/795/318
f 519/1165/320 459/1056/564 429/1001/321
f 459/1056/564 460/1057/321 429/1001/321
f 429/1001/321 472/1080/319 488/1108/319
f 488/1108/319 520/1166/319 519/1165/565
f 318/765/566 319/766/567 324/778/568
f 319/766/569 322/773/322 324/778/570
f 55/137/199 381/909/199 84/211/199
f 55/137/199 84/211/199 92/230/199
f 78/193/199 382/911/199 82/204/199
f 382/911/199 57/143/199 82/204/199
f 57/143/199 55/137/199 92/230/199
f 300/729/325 308/741/325 309/743/325
f 294/720/326 302/732/326 303/733/326
f 69/168/327 86/217/327 88/220/327
f 67/164/327 69/168/327 88/220/327
f 94/236/327 74/181/327 98/247/327
f 74/181/327 73/179/327 98/247/327
f 67/164/327 88/220/327 90/227/327
f 96/243/327 98/247/327 73/179/327
f 67/164/327 90/227/327 96/243/327
f 94/236/327 86/217/327 69/168/327
f 299/728/328 298/726/328 306/738/328
f 292/716/17 293/719/17 284/696/17
f 284/696/17 283/693/17 291/714/17
f 283/693/17 282/690/17 291/714/17
f 282/690/17 281/689/17 289/709/17
f 281/689/17 280/686/17 289/709/17
f 280/686/17 279/684/17 287/704/17
f 279/684/17 278/680/17 287/704/17
f 278/680/17 286/701/17 287/704/17
f 291/714/17 292/716/17 284/696/17
f 280/686/17 287/704/17 288/706/17
f 280/686/17 288/706/17 289/709/17
f 290/711/17 291/714/17 282/690/17
f 525/1175/329 497/1125/329 438/1018/329
f 497/1125/329 496/1123/329 438/1018/329
f 496/1123/329 437/1016/329 438/1018/329
f 137/344/7 139/350/7 105/263/7
f 124/310/7 125/312/7 135/338/7
f 125/312/7 134/335/7 135/338/7
f 137/344/7 105/263/7 124/310/7
f 106/264/7 146/368/7 144/363/7
f 137/344/7 124/310/7 135/338/7
f 116/291/7 115/287/7 144/363/7
f 115/287/7 106/264/7 144/363/7
f 137/344/7 135/338/7 116/291/7
f 28/72/6 32/80/6 31/78/6
f 31/78/6 27/70/6 28/72/6
f 27/70/6 49/124/6 50/127/6
f 28/72/6 27/70/6 50/127/6
f 49/124/6 53/133/6 54/135/6
f 53/133/6 63/157/6 64/159/6
f 54/135/6 53/133/6 64/159/6
f 54/135/6 50/127/6 49/124/6
f 58/147/6 64/159/6 63/157/6
f 58/147/6 63/157/6 57/144/6
f 379/905/6 58/147/6 62/155/6
f 58/147/6 57/144/6 62/155/6
f 382/912/6 61/153/6 62/155/6
f 57/144/6 382/912/6 62/155/6
f 46/115/6 72/176/6 69/169/6
f 72/176/6 74/182/6 69/169/6
f 379/905/6 62/155/6 70/170/6
f 62/155/6 46/115/6 70/170/6
f 46/115/6 69/169/6 43/108/6
f 69/169/6 42/106/6 43/108/6
f 42/106/6 39/98/6 384/916/6
f 43/108/6 70/170/6 46/115/6
f 681/1533/10 680/1530/10 688/1549/10
f 147/372/39 148/375/39 146/369/39
f 148/375/39 145/367/39 146/369/39
f 145/367/39 144/364/39 146/369/39
f 146/369/39 149/377/39 147/372/39
f 310/744/330 311/747/65 303/733/65
f 843/1912/7 847/1922/7 849/1927/7
f 186/465/571 194/478/571 195/481/571
f 227/561/22 226/559/22 328/788/22
f 226/559/22 350/841/22 328/788/22
f 485/1102/332 481/1096/572 480/1095/333
f 326/785/336 333/799/336 236/580/336
f 333/799/336 235/578/336 236/580/336
f 228/563/336 227/561/336 329/791/336
f 228/563/336 329/791/336 322/774/573
f 321/771/574 326/785/336 236/580/336
f 228/563/336 322/774/573 319/767/335
f 319/767/335 321/771/575 236/580/336
f 296/723/337 295/722/337 303/734/337
f 663/1485/5 662/1482/5 640/1434/5
f 640/1434/5 647/1452/5 663/1485/5
f 647/1452/5 646/1449/5 656/1465/5
f 663/1485/5 647/1452/5 656/1465/5
f 646/1449/5 658/1471/5 657/1469/5
f 656/1465/5 660/1476/5 663/1485/5
f 660/1476/5 664/1488/5 663/1485/5
f 757/1706/65 756/1703/65 754/1698/65
f 753/1696/3 752/1692/3 750/1687/3
f 314/754/18 315/758/576 307/740/18
f 352/846/72 257/630/72 338/809/72
f 257/630/72 256/626/72 338/809/72
f 282/691/65 283/694/65 275/674/65
f 840/1906/30 841/1908/30 833/1896/30
f 7/20/39 16/44/39 11/32/39
f 11/32/39 20/56/39 7/20/39
f 20/56/39 23/62/39 7/20/39
f 24/64/39 19/53/39 8/23/39
f 19/53/39 10/29/39 8/23/39
f 10/29/39 13/37/39 8/23/39
f 8/23/39 7/20/39 23/62/39
f 564/1262/338 584/1291/577 566/1266/338
f 584/1291/577 585/1292/577 566/1266/338
f 174/441/24 182/460/24 175/443/24
f 341/818/339 336/805/339 340/815/339
f 336/805/578 338/810/578 340/815/578
f 82/205/5 81/201/5 77/190/5
f 129/323/340 127/317/340 119/297/340
f 591/1305/10 390/926/10 590/1303/10
f 390/926/10 391/928/10 590/1303/10
f 411/966/579 413/970/342 409/961/341
f 413/970/342 412/968/580 410/962/341
f 356/857/39 357/858/39 253/620/39
f 357/858/39 358/860/39 261/639/39
f 357/858/39 261/639/39 253/620/39
f 252/618/39 251/615/39 260/637/39
f 255/624/39 256/627/39 248/608/39
f 255/624/39 248/608/39 247/605/39
f 252/618/39 260/637/39 253/620/39
f 260/637/39 356/857/39 253/620/39
f 261/639/39 255/624/39 247/605/39
f 254/623/39 253/620/39 261/639/39
f 263/644/65 347/835/65 262/641/65
f 347/835/65 355/854/65 262/641/65
f 342/822/65 340/816/65 256/628/65
f 342/822/65 256/628/65 255/625/65
f 262/641/65 355/854/65 255/625/65
f 67/165/5 73/180/5 71/173/5
f 71/173/5 44/111/581 67/165/5
f 44/111/581 45/113/5 41/103/5
f 67/165/5 44/111/581 385/919/5
f 45/113/5 60/151/5 68/166/5
f 45/113/5 68/166/5 41/103/5
f 385/919/5 44/111/581 41/103/5
f 33/83/5 37/94/5 34/86/5
f 37/94/5 385/919/5 383/914/5
f 38/96/5 37/94/5 383/914/5
f 25/66/5 29/74/5 26/68/5
f 29/74/5 33/83/5 30/76/5
f 66/163/5 51/129/5 65/161/5
f 51/129/5 47/118/5 52/131/5
f 380/908/5 381/910/5 55/138/5
f 380/908/5 55/138/5 56/141/5
f 55/138/5 66/163/5 56/141/5
f 385/919/5 41/103/5 383/914/5
f 65/161/5 56/141/5 66/163/5
f 52/131/5 65/161/5 51/129/5
f 37/94/5 38/96/5 34/86/5
f 48/121/5 52/131/5 47/118/5
f 33/83/5 34/86/5 30/76/5
f 26/68/5 48/121/5 25/66/5
f 48/121/5 47/118/5 25/66/5
f 601/1331/10 399/940/10 600/1327/10
f 399/940/10 398/938/10 600/1327/10
f 233/573/3 234/575/3 353/848/3
f 149/378/51 146/370/51 106/265/51
f 412/969/582 537/1203/582 539/1207/583
f 123/307/6 119/297/584 118/295/6
f 119/297/584 121/302/584 118/295/6
f 121/302/584 120/300/584 118/295/6
f 201/495/17 200/494/17 208/513/17
f 201/495/585 208/513/585 209/516/585
f 212/524/586 204/503/586 203/501/586
f 211/521/17 212/524/17 203/501/17
f 202/499/17 201/495/17 210/519/17
f 201/495/585 209/516/585 210/519/585
f 210/519/17 211/521/17 203/501/17
f 422/989/587 424/992/588 587/1297/589
f 424/992/588 455/1048/590 586/1294/591
f 587/1297/592 424/992/588 586/1294/591
f 454/1047/347 599/1326/347 598/1324/347
f 454/1047/347 598/1324/347 597/1321/347
f 591/1306/347 590/1304/347 422/989/587
f 587/1297/347 591/1306/347 422/989/587
f 455/1048/346 454/1047/347 596/1319/347
f 454/1047/347 597/1321/347 596/1319/347
f 458/1054/349 456/1050/593 455/1048/594
f 459/1056/352 458/1055/595 457/1052/596
f 627/1400/597 626/1396/597 624/1390/597
f 104/260/293 110/275/293 113/284/293
f 658/1472/33 659/1474/33 631/1409/33
f 610/1355/356 609/1352/356 614/1365/356
f 609/1352/598 611/1358/598 614/1365/598
f 85/214/21 87/219/21 88/221/21
f 436/1013/357 495/1120/357 493/1116/599
f 355/855/600 354/852/600 341/819/600
f 313/752/24 314/754/24 306/738/24
f 510/1150/362 516/1159/601 514/1156/360
f 516/1159/601 515/1157/602 514/1156/360
f 151/383/603 152/385/604 311/748/603
f 152/385/605 153/388/363 312/750/605
f 311/748/606 152/385/604 312/750/364
f 153/388/363 154/391/607 313/753/363
f 154/391/607 155/393/607 313/753/608
f 155/393/609 314/755/609 313/753/610
f 311/748/606 310/745/611 151/383/611
f 324/779/365 364/868/612 362/866/366
f 699/1570/60 671/1506/60 670/1504/60
f 122/305/367 118/296/367 99/249/367
f 603/1335/613 604/1337/613 514/1156/613
f 514/1156/614 515/1157/615 593/1311/614
f 515/1157/615 483/1099/368 594/1313/616
f 593/1311/614 515/1157/615 594/1313/614
f 481/1096/617 600/1328/614 602/1333/614
f 481/1096/617 602/1333/618 595/1316/619
f 592/1308/613 603/1335/614 514/1156/618
f 593/1311/614 592/1308/614 514/1156/614
f 483/1099/368 481/1096/620 595/1316/621
f 348/837/17 344/826/17 345/829/17
f 344/826/17 343/824/17 345/829/17
f 345/829/17 349/839/17 348/837/17
f 346/831/17 330/792/17 350/842/17
f 330/792/17 328/789/17 350/842/17
f 348/837/17 349/839/17 350/842/17
f 603/1336/1 401/943/1 604/1338/1
f 401/943/1 400/941/1 604/1338/1
f 572/1279/119 574/1281/119 432/1006/622
f 489/1109/119 473/1081/119 573/1280/119
f 473/1081/119 575/1282/119 573/1280/119
f 572/1279/119 432/1006/623 491/1113/370
f 489/1109/119 573/1280/119 572/1279/119
f 432/1006/371 434/1009/372 493/1116/372
f 703/1581/39 679/1528/39 678/1525/39
f 163/413/374 162/411/374 170/430/374
f 171/432/375 172/435/375 163/413/374
f 172/435/624 164/415/624 163/413/374
f 551/1233/7 550/1230/7 439/1020/376
f 550/1230/7 465/1067/7 439/1020/376
f 542/1213/7 541/1210/7 552/1236/7
f 541/1210/7 549/1227/7 552/1236/7
f 542/1213/7 552/1236/7 551/1233/7
f 808/1833/27 807/1831/27 799/1811/27
f 332/797/22 353/849/22 234/576/22
f 234/576/22 235/578/22 332/797/22
f 204/504/72 205/506/72 197/485/72
f 921/2110/43 915/2095/43 916/2097/43
f 330/793/24 346/832/24 265/649/24
f 265/649/24 266/651/24 330/793/24
f 585/1292/6 581/1288/6 569/1272/6
f 529/1185/377 531/1187/377 528/1183/377
f 908/2076/5 909/2078/5 903/2063/5
f 308/741/3 316/760/3 317/763/378
f 164/416/379 165/418/625 157/398/72
f 159/403/380 160/406/626 152/386/381
f 97/245/43 93/234/43 94/237/43
f 536/1200/382 535/1197/627 413/971/628
f 367/875/13 366/870/13 376/898/13
f 362/866/385 363/867/385 320/769/385
f 170/431/3 169/428/3 177/448/3
f 172/436/65 171/433/65 179/453/65
f 7/21/5 6/18/5 15/41/5
f 6/18/5 3/9/5 15/41/5
f 927/2127/386 939/2159/386 940/2161/386
f 710/1601/6 711/1604/6 720/1630/6
f 711/1604/6 715/1616/6 720/1630/6
f 715/1616/6 714/1612/6 721/1632/6
f 720/1630/6 716/1619/6 710/1601/6
f 929/2132/7 934/2145/7 931/2137/7
f 934/2145/7 933/2143/7 931/2137/7
f 933/2143/7 932/2140/7 931/2137/7
f 74/183/387 72/177/387 71/174/387
f 410/963/388 539/1207/17 546/1221/17
f 539/1207/17 545/1220/17 546/1221/17
f 545/1220/17 544/1217/17 546/1221/17
f 92/231/43 91/229/43 81/202/43
f 100/250/389 108/270/389 110/276/389
f 117/294/6 114/286/6 115/288/6
f 660/1477/269 656/1466/269 628/1401/269
f 194/479/3 193/476/3 201/496/3
f 208/514/18 207/511/18 215/531/18
f 223/551/390 230/566/390 238/582/390
f 168/426/27 176/446/27 177/448/27
f 377/901/43 376/898/43 374/893/43
f 173/438/30 181/458/30 182/461/30
f 615/1368/391 612/1361/391 607/1346/391
f 369/881/6 368/877/6 366/871/6
f 628/1402/5 633/1416/5 632/1413/5
f 632/1413/5 631/1410/5 630/1408/5
f 630/1408/5 629/1405/5 632/1413/5
f 846/1920/5 847/1923/5 843/1913/5
f 843/1913/5 842/1909/5 846/1920/5
f 842/1909/5 850/1929/5 852/1934/5
f 850/1929/5 854/1938/5 852/1934/5
f 854/1938/5 858/1946/5 860/1950/5
f 856/1942/5 854/1938/5 860/1950/5
f 852/1934/5 846/1920/5 842/1909/5
f 371/885/37 370/883/37 368/878/37
f 271/664/18 270/661/18 278/681/18
f 700/1573/269 669/1501/269 668/1498/269
f 225/556/27 224/554/27 344/827/27
f 240/588/17 241/590/17 232/571/17
f 232/571/17 231/568/17 239/585/17
f 231/568/17 238/583/17 239/585/17
f 237/581/17 244/598/17 245/600/17
f 237/581/17 245/600/17 246/603/17
f 239/585/17 240/588/17 232/571/17
f 238/583/17 237/581/17 246/603/17
f 624/1391/73 626/1397/73 616/1370/73
f 616/1370/73 618/1375/73 624/1391/73
f 618/1375/73 620/1381/73 624/1391/73
f 885/2015/16 884/2012/16 372/888/16
f 376/899/16 366/872/16 886/2017/16
f 366/872/16 882/2007/16 886/2017/16
f 885/2015/16 372/888/16 374/894/16
f 376/899/16 886/2017/16 374/894/16
f 713/1610/39 712/1607/39 714/1613/39
f 189/468/629 197/486/629 198/489/629
f 4/12/6 5/15/6 14/39/6
f 5/15/6 8/24/6 14/39/6
f 724/1636/27 723/1635/27 731/1647/27
f 750/1688/39 752/1693/39 764/1723/39
f 752/1693/39 765/1726/39 764/1723/39
f 769/1736/39 768/1732/39 760/1713/39
f 762/1718/39 769/1736/39 760/1713/39
f 748/1683/39 750/1688/39 764/1723/39
f 748/1683/39 764/1723/39 763/1721/39
f 762/1718/39 760/1713/39 746/1678/39
f 748/1683/39 763/1721/39 746/1678/39
f 777/1756/30 776/1753/30 768/1733/30
f 802/1818/22 809/1836/22 801/1816/22
f 68/167/393 70/171/393 43/109/393
f 822/1868/39 823/1871/39 824/1873/39
f 824/1873/39 825/1876/39 818/1858/39
f 818/1858/39 819/1861/39 822/1868/39
f 819/1861/39 820/1863/39 822/1868/39
f 820/1863/39 821/1866/39 822/1868/39
f 851/1931/394 850/1930/394 842/1910/394
f 859/1948/6 855/1940/6 861/1952/6
f 855/1940/6 851/1932/6 853/1936/6
f 857/1944/6 855/1940/6 853/1936/6
f 851/1932/6 844/1915/6 853/1936/6
f 844/1915/6 845/1918/6 848/1925/6
f 853/1936/6 844/1915/6 848/1925/6
f 845/1918/6 849/1928/6 848/1925/6
f 875/1990/315 874/1987/315 870/1976/315
f 837/1902/22 838/1903/22 830/1888/22
f 910/2081/395 909/2079/395 921/2111/395
f 379/906/396 70/171/396 68/167/396
f 416/979/397 475/1086/630 474/1083/398
f 414/973/399 474/1083/399 525/1176/399
o Mag
v -0.918402 -0.413610 0.129440
v -0.956215 -0.415586 0.102556
v -0.956215 -0.451100 0.102556
v -0.918402 -0.449125 0.129440
v 0.049916 -0.363026 0.102556
v 0.012104 -0.365001 0.129440
v 0.012104 -0.400516 0.129440
v 0.049916 -0.398540 0.102556
v -0.918402 -0.413610 -0.129440
v -0.956215 -0.415586 -0.102556
v -0.956215 -0.451100 -0.102556
v -0.918402 -0.449125 -0.129440
v 0.049916 -0.363026 -0.102556
v 0.012104 -0.365001 -0.129440
v 0.012104 -0.400516 -0.129440
v 0.049916 -0.398540 -0.102556
v -0.895228 -0.439773 0.096175
v -0.895228 -0.026669 0.096175
v -0.028025 -0.395973 0.096175
v -0.028025 -0.026669 0.096175
v -0.059152 -0.397497 0.096175
v -0.059151 -0.026669 0.069600
v -0.895228 -0.026669 0.069600
v -0.863448 -0.026669 0.069600
v -0.059152 -0.283130 0.068329
v -0.863448 -0.283130 0.068329
v -0.391548 -0.415120 0.096175
v -0.391548 -0.026669 0.096175
v -0.391548 -0.026669 0.069600
v -0.895228 0.010481 0.081801
v -0.895228 -0.002175 0.068410
v -0.431449 0.010481 0.081801
v -0.431449 -0.002175 0.068410
v -0.895228 0.031730 0.053766
v -0.895228 0.014866 0.046345
v -0.483169 0.031730 0.053766
v -0.483169 0.014866 0.046345
v -0.895228 -0.057221 0.049386
v -0.895228 -0.439773 0.049386
v -0.863448 -0.057221 0.049386
v -0.910408 -0.057221 0.049386
v -0.910408 -0.439773 0.049386
v -0.028025 -0.214632 0.096175
v -0.028025 -0.269356 0.096175
v -0.040327 -0.232874 0.096175
v -0.040327 -0.251115 0.096175
v -0.895228 -0.439773 -0.096175
v -0.895228 -0.026669 -0.096175
v -0.028025 -0.395973 -0.096175
v -0.028025 -0.026669 -0.096175
v -0.059152 -0.397497 -0.096175
v -0.059151 -0.026669 -0.069600
v -0.895228 -0.026669 -0.069600
v -0.863448 -0.026669 -0.069600
v -0.059152 -0.283130 -0.068329
v -0.863448 -0.283130 -0.068329
v -0.391548 -0.415120 -0.096175
v -0.391548 -0.026669 -0.096175
v -0.391548 -0.026669 -0.069600
v -0.895228 0.010481 -0.081801
v -0.895228 -0.002175 -0.068410
v -0.431449 0.010481 -0.081801
v -0.431449 -0.002175 -0.068410
v -0.895228 0.031730 -0.053766
v -0.895228 0.014866 -0.046345
v -0.483169 0.031730 -0.053766
v -0.483169 0.014866 -0.046345
v -0.895228 -0.057221 -0.049386
v -0.895228 -0.439773 -0.049386
v -0.863448 -0.057221 -0.049386
v -0.910408 -0.057221 -0.049386
v -0.910408 -0.439773 -0.049386
v -0.028025 -0.214632 -0.096175
v -0.028025 -0.269356 -0.096175
v -0.040327 -0.232874 -0.096175
v -0.040327 -0.251115 -0.096175
vn -0.5795 -0.0000 0.8150
vn -0.0000 0.4028 0.9153
vn -0.0000 0.4028 -0.9153
vn -1.0000 -0.0000 -0.0000
vn 0.5518 0.3359 0.7633
vn 0.4700 0.6415 0.6063
vn -0.0000 -0.7915 0.6112
vn 0.5232 0.8522 -0.0000
vn 0.6787 0.5338 -0.5044
vn 0.0481 -0.9988 -0.0007
vn -0.0000 -1.0000 -0.0000
vn 0.0489 -0.9988 -0.0000
vn -0.0000 0.5518 0.8340
vn 0.6787 0.5338 0.5045
vn -0.0000 0.3609 0.9326
vn -0.0000 -0.7915 -0.6112
vn 1.0000 -0.0000 -0.0000
vn -0.0000 0.5518 -0.8340
vn 0.8291 -0.5591 -0.0000
vn 0.0009 -0.0000 1.0000
vn -0.0000 -0.0000 1.0000
vn -0.0000 0.0050 -1.0000
vn -0.0000 0.7969 -0.6041
vn -0.0000 0.3609 -0.9326
vn 0.4700 0.6415 -0.6063
vn 0.5518 0.3359 -0.7633
vn 0.5795 -0.0000 0.8150
vn -0.0000 1.0000 -0.0000
vn -0.0009 -0.0000 -1.0000
vn -0.0000 -0.0000 -1.0000
vn -0.0522 0.9986 -0.0000
vn 0.5795 -0.0000 -0.8150
vn -0.5795 -0.0000 -0.8150
vn 0.8291 0.5591 -0.0000
vn -0.0000 0.7969 0.6041
vn 0.0522 -0.9986 -0.0000
vn -0.0000 0.0050 1.0000
vn -0.0000 -0.0485 0.9988
vn 0.6787 0.5337 -0.5045
vn 0.0486 -0.9988 -0.0000
vn 0.0541 -0.9985 -0.0000
vn 0.0524 -0.9986 -0.0000
vn 0.6787 0.5338 0.5044
vn 0.0006 0.0006 1.0000
vn 0.0006 0.0007 1.0000
vn -0.0000 -0.0485 -0.9988
vn -0.0001 0.0050 -1.0000
vn -0.0008 0.0001 -1.0000
vn -0.0009 0.0001 -1.0000
vt 0.835938 0.009766
vt 0.902344 0.425781
vt 0.902344 0.419922
vt 0.982422 0.500000
vt 0.830078 0.003906
vt 0.976562 0.500000
vt 0.908203 0.417969
vt 0.832031 0.462891
vt 0.908203 0.423828
vt 0.837891 0.468750
vt 0.980469 0.939453
vt 0.902344 0.578125
vt 0.830078 0.164062
vt 0.835938 0.156250
vt 0.902344 0.572266
vt 0.908203 0.572266
vt 0.837891 0.617188
vt 0.908203 0.578125
vt 0.974609 0.939453
vt 0.832031 0.623047
vt 0.794922 0.009766
vt 0.904297 0.636719
vt 0.798828 0.003906
vt 0.982422 0.468750
vt 0.904297 0.630859
vt 0.976562 0.468750
vt 0.908203 0.628906
vt 0.800781 0.462891
vt 0.908203 0.634766
vt 0.796875 0.468750
vt 0.798828 0.164062
vt 0.904297 0.789062
vt 0.980469 0.908203
vt 0.794922 0.156250
vt 0.904297 0.783203
vt 0.908203 0.783203
vt 0.796875 0.617188
vt 0.908203 0.789062
vt 0.974609 0.908203
vt 0.800781 0.623047
vt 0.826172 0.316406
vt 0.375000 0.867188
vt 0.718750 0.457031
vt 0.375000 0.933594
vt 0.783203 0.457031
vt 0.826172 0.453125
vt 0.724609 0.318359
vt 0.906250 0.343750
vt 0.906250 0.285156
vt 0.783203 0.318359
vt 0.523438 0.890625
vt 0.826172 0.449219
vt 0.724609 0.324219
vt 0.800781 0.761719
vt 0.632812 0.619141
vt 0.519531 0.886719
vt 0.378906 0.933594
vt 0.800781 0.628906
vt 0.947266 0.900391
vt 0.800781 0.634766
vt 0.839844 0.761719
vt 0.632812 0.660156
vt 0.947266 0.941406
vt 0.839844 0.634766
vt 0.826172 0.396484
vt 0.722656 0.376953
vt 0.783203 0.376953
vt 0.523438 0.833984
vt 0.800781 0.708984
vt 0.519531 0.833984
vt 0.789062 0.457031
vt 0.376953 0.939453
vt 0.976562 0.593750
vt 0.378906 0.937500
vt 0.720703 0.896484
vt 0.796875 0.628906
vt 0.521484 0.828125
vt 0.789062 0.382812
vt 0.775391 0.955078
vt 0.976562 0.667969
vt 0.519531 0.828125
vt 0.720703 0.968750
vt 0.796875 0.703125
vt 0.777344 0.955078
vt 0.972656 0.593750
vt 0.773438 0.880859
vt 0.380859 0.941406
vt 0.718750 0.896484
vt 0.775391 0.880859
vt 0.382812 0.939453
vt 0.771484 0.945312
vt 0.972656 0.658203
vt 0.718750 0.960938
vt 0.775391 0.945312
vt 0.804688 0.628906
vt 0.382812 0.927734
vt 0.535156 0.908203
vt 0.837891 0.921875
vt 0.820312 0.316406
vt 0.382812 0.867188
vt 0.535156 0.968750
vt 0.945312 0.906250
vt 0.804688 0.634766
vt 0.833984 0.921875
vt 0.931641 0.746094
vt 0.539062 0.908203
vt 0.839844 0.921875
vt 0.931641 0.806641
vt 0.539062 0.968750
vt 0.820312 0.314453
vt 0.753906 0.318359
vt 0.906250 0.314453
vt 0.746094 0.318359
vt 0.906250 0.324219
vt 0.751953 0.320312
vt 0.906250 0.318359
vt 0.748047 0.320312
vt 0.906250 0.320312
vt 0.796875 0.316406
vt 0.718750 0.312500
vt 0.939453 0.820312
vt 0.783203 0.312500
vt 0.939453 0.755859
vt 0.796875 0.453125
vt 0.724609 0.173828
vt 0.876953 0.343750
vt 0.492188 0.890625
vt 0.783203 0.173828
vt 0.876953 0.285156
vt 0.796875 0.449219
vt 0.724609 0.179688
vt 0.800781 0.306641
vt 0.611328 0.619141
vt 0.498047 0.886719
vt 0.943359 0.755859
vt 0.800781 0.173828
vt 0.925781 0.900391
vt 0.800781 0.179688
vt 0.611328 0.660156
vt 0.841797 0.306641
vt 0.925781 0.941406
vt 0.841797 0.179688
vt 0.796875 0.396484
vt 0.722656 0.232422
vt 0.492188 0.833984
vt 0.783203 0.232422
vt 0.498047 0.833984
vt 0.800781 0.253906
vt 0.789062 0.312500
vt 0.964844 0.507812
vt 0.941406 0.750000
vt 0.628906 0.818359
vt 0.943359 0.751953
vt 0.796875 0.173828
vt 0.964844 0.220703
vt 0.496094 0.828125
vt 0.964844 0.580078
vt 0.789062 0.238281
vt 0.966797 0.220703
vt 0.628906 0.892578
vt 0.498047 0.828125
vt 0.796875 0.248047
vt 0.970703 0.507812
vt 0.960938 0.146484
vt 0.945312 0.746094
vt 0.964844 0.146484
vt 0.632812 0.818359
vt 0.947266 0.748047
vt 0.960938 0.212891
vt 0.970703 0.572266
vt 0.962891 0.212891
vt 0.632812 0.884766
vt 0.804688 0.173828
vt 0.945312 0.759766
vt 0.972656 0.146484
vt 0.837891 0.906250
vt 0.804688 0.316406
vt 0.947266 0.820312
vt 0.972656 0.207031
vt 0.804688 0.179688
vt 0.927734 0.906250
vt 0.833984 0.906250
vt 0.916016 0.746094
vt 0.976562 0.146484
vt 0.839844 0.906250
vt 0.976562 0.207031
vt 0.916016 0.806641
vt 0.804688 0.314453
vt 0.753906 0.173828
vt 0.876953 0.314453
vt 0.746094 0.173828
vt 0.876953 0.324219
vt 0.751953 0.175781
vt 0.876953 0.318359
vt 0.748047 0.175781
vt 0.876953 0.320312
s 0
usemtl Material.013
f 942/2164/631 944/2170/631 941/2163/631
f 1007/2332/632 1004/2325/632 1005/2327/632
f 975/2250/633 976/2252/633 977/2255/633
f 981/2266/634 1012/2348/634 982/2269/634
f 942/2165/634 951/2187/634 943/2167/634
f 1002/2316/635 1007/2332/636 1003/2320/636
f 1007/2333/637 1001/2313/637 1003/2321/637
f 968/2229/638 973/2242/639 972/2238/639
f 967/2226/640 979/2260/641 1009/2338/642
f 958/2205/634 971/2235/634 963/2218/634
f 993/2297/643 1010/2341/643 994/2299/643
f 998/2306/644 1003/2322/638 999/2308/638
f 958/2206/645 972/2239/645 970/2232/645
f 977/2254/646 971/2236/646 975/2249/646
f 1010/2342/647 980/2263/647 966/2224/647
f 963/2219/648 980/2264/648 978/2256/648
f 985/2277/649 1013/2351/649 983/2273/649
f 961/2214/650 984/2274/651 986/2278/651
f 965/2222/652 966/2225/652 969/2230/652
f 965/2223/634 992/2294/634 995/2300/634
f 1006/2331/653 1000/2311/653 1004/2324/653
f 1002/2319/654 988/2283/654 1000/2310/654
f 972/2240/655 977/2255/656 976/2252/656
f 948/2179/657 946/2176/657 947/2177/657
f 962/2217/658 960/2212/658 990/2288/658
f 997/2305/659 998/2307/660 1015/2354/660
f 1001/2314/634 1000/2312/634 988/2284/634
f 1015/2355/647 986/2279/647 1016/2357/647
f 979/2262/651 981/2267/651 982/2270/651
f 949/2182/661 950/2184/661 942/2166/661
f 947/2177/651 941/2163/651 944/2170/651
f 954/2196/662 956/2199/662 955/2197/662
f 955/2197/660 949/2183/660 954/2196/660
f 948/2180/647 953/2194/647 945/2172/647
f 952/2190/663 950/2186/663 949/2183/663
f 1011/2345/660 1009/2340/660 1012/2347/660
f 984/2275/664 1016/2357/664 986/2279/664
f 970/2234/665 976/2253/665 974/2246/665
f 984/2275/647 989/2287/647 1014/2353/647
f 947/2178/666 944/2171/666 955/2198/666
f 983/2273/647 990/2290/647 960/2210/647
f 1008/2337/658 981/2268/658 978/2259/658
f 995/2301/667 992/2293/667 999/2309/668
f 942/2164/631 943/2168/631 944/2170/631
f 1007/2332/632 1006/2330/632 1004/2325/632
f 975/2250/633 974/2247/633 976/2252/633
f 981/2266/634 1011/2344/634 1012/2348/634
f 942/2165/634 950/2185/634 951/2187/634
f 1002/2316/635 1006/2330/635 1007/2332/636
f 1007/2333/637 1005/2328/637 1001/2313/637
f 968/2229/638 969/2231/638 973/2242/669
f 991/2291/642 989/2285/670 959/2207/670
f 991/2291/642 959/2207/670 961/2213/666
f 1009/2338/642 987/2280/642 997/2304/671
f 997/2304/671 991/2291/670 961/2213/672
f 967/2226/640 957/2202/642 979/2260/641
f 997/2304/671 961/2213/672 967/2226/640
f 982/2271/641 1012/2349/641 1009/2338/670
f 1009/2338/642 997/2304/671 967/2226/640
f 979/2260/641 982/2271/641 1009/2338/670
f 979/2261/634 957/2203/634 978/2257/634
f 957/2203/634 958/2205/634 978/2257/634
f 958/2205/634 970/2233/634 971/2235/634
f 970/2233/634 974/2248/634 975/2251/634
f 971/2235/634 970/2233/634 975/2251/634
f 963/2218/634 978/2257/634 958/2205/634
f 993/2297/643 1008/2334/643 1010/2341/643
f 998/2306/673 1002/2317/673 1003/2322/638
f 958/2206/645 968/2228/645 972/2239/645
f 977/2254/646 973/2243/646 971/2236/646
f 980/2263/647 964/2220/647 966/2224/647
f 966/2224/647 996/2302/647 1010/2342/647
f 996/2302/647 994/2298/647 1010/2342/647
f 963/2219/648 964/2221/648 980/2264/648
f 985/2277/649 1015/2355/649 1013/2351/649
f 958/2206/651 957/2204/651 967/2227/674
f 961/2214/650 959/2208/651 984/2274/651
f 958/2206/651 967/2227/674 968/2228/651
f 967/2227/675 961/2214/650 986/2278/651
f 968/2228/651 967/2227/674 985/2276/651
f 983/2272/651 960/2211/651 985/2276/651
f 960/2211/651 968/2228/651 985/2276/651
f 985/2276/651 967/2227/674 986/2278/651
f 964/2221/676 963/2219/676 971/2237/676
f 971/2237/676 973/2244/676 964/2221/676
f 973/2244/676 969/2230/652 966/2225/652
f 964/2221/676 973/2244/676 966/2225/677
f 969/2230/652 962/2215/652 965/2222/652
f 965/2223/634 962/2216/634 992/2294/634
f 1006/2331/653 1002/2318/653 1000/2311/653
f 1002/2319/654 998/2307/654 988/2283/654
f 972/2240/655 973/2245/655 977/2255/656
f 948/2179/657 945/2173/657 946/2176/657
f 962/2217/658 969/2231/658 968/2229/658
f 990/2288/658 998/2306/658 992/2295/658
f 998/2306/658 999/2308/658 992/2295/658
f 962/2217/658 968/2229/658 960/2212/658
f 990/2288/658 992/2295/658 962/2217/658
f 1016/2356/660 1014/2352/660 991/2292/678
f 1014/2352/660 989/2286/660 991/2292/679
f 991/2292/678 997/2305/659 1016/2356/660
f 997/2305/659 987/2281/660 988/2283/660
f 990/2289/660 1013/2350/660 1015/2354/660
f 1015/2354/660 1016/2356/660 997/2305/659
f 997/2305/659 988/2283/660 998/2307/660
f 998/2307/660 990/2289/660 1015/2354/660
f 988/2284/634 987/2282/634 1008/2335/634
f 987/2282/634 1009/2339/634 1008/2335/634
f 1008/2335/634 993/2296/634 988/2284/634
f 1001/2314/634 1005/2329/634 1000/2312/634
f 1005/2329/634 1004/2326/634 1000/2312/634
f 988/2284/634 993/2296/634 1001/2314/634
f 1015/2355/647 985/2277/647 986/2279/647
f 979/2262/651 978/2258/651 981/2267/651
f 942/2166/661 941/2162/661 949/2182/661
f 941/2162/661 946/2175/661 949/2182/661
f 946/2175/661 945/2174/661 953/2192/661
f 953/2192/661 954/2195/661 946/2175/661
f 954/2195/661 949/2182/661 946/2175/661
f 947/2177/651 946/2176/651 941/2163/651
f 954/2196/662 953/2193/662 956/2199/662
f 955/2197/660 952/2190/660 949/2183/660
f 948/2180/647 956/2200/647 953/2194/647
f 952/2190/663 951/2188/663 950/2186/663
f 1011/2345/660 1008/2336/660 1009/2340/660
f 984/2275/664 1014/2353/664 1016/2357/664
f 970/2234/665 972/2241/665 976/2253/665
f 984/2275/647 959/2209/647 989/2287/647
f 944/2171/666 943/2169/666 951/2189/666
f 951/2189/666 952/2191/666 944/2171/666
f 952/2191/666 955/2198/666 944/2171/666
f 955/2198/666 956/2201/666 948/2181/666
f 948/2181/666 947/2178/666 955/2198/666
f 983/2273/647 1013/2351/647 990/2290/647
f 980/2265/658 1010/2343/658 1008/2337/658
f 1008/2337/658 1011/2346/658 981/2268/658
f 978/2259/658 980/2265/658 1008/2337/658
f 999/2309/668 1003/2323/668 996/2303/667
f 1003/2323/668 1001/2315/668 994/2299/667
f 1001/2315/668 993/2297/668 994/2299/667
f 994/2299/667 996/2303/667 1003/2323/668
f 996/2303/667 995/2301/667 999/2309/668
o Bolt
v -1.476359 0.353810 0.029058
v -1.476359 0.353810 -0.029058
v -1.367149 0.366455 -0.056079
v -1.367149 0.406109 -0.039654
v -1.367149 0.422534 -0.000000
v -1.367149 0.406109 0.039654
v -1.367149 0.366455 0.056079
v -1.367149 0.326801 0.039654
v -1.367149 0.310376 -0.000000
v -1.367149 0.326801 -0.039654
v -1.383631 0.366455 -0.056079
v -1.383631 0.406109 -0.039654
v -1.383631 0.422534 -0.000000
v -1.383631 0.406109 0.039654
v -1.383631 0.366455 0.056079
v -1.383631 0.326801 0.039654
v -1.383631 0.310376 -0.000000
v -1.383631 0.326801 -0.039654
v -1.383631 0.366455 -0.100508
v -1.383631 0.437524 -0.071070
v -1.383631 0.466963 -0.000000
v -1.383631 0.437524 0.071070
v -1.383631 0.366455 0.100508
v -1.383631 0.295385 0.071070
v -1.383631 0.265947 -0.000000
v -1.383631 0.295385 -0.071070
v -1.561316 0.366455 -0.100508
v -1.561316 0.437525 -0.071070
v -1.561316 0.466963 -0.000000
v -1.561316 0.437525 0.071070
v -1.561316 0.366455 0.100508
v -1.561316 0.295385 0.071070
v -1.561316 0.295385 -0.071070
v -1.572188 0.366455 -0.083333
v -1.572188 0.425380 -0.058926
v -1.572188 0.449788 -0.000000
v -1.572188 0.425380 0.058925
v -1.572188 0.366455 0.083333
v -1.572188 0.307529 0.058925
v -1.572188 0.307529 -0.058926
v -1.665380 0.366455 -0.082618
v -1.665379 0.424874 -0.058420
v -1.665379 0.449072 -0.000000
v -1.665379 0.424874 0.058419
v -1.665380 0.366455 0.082618
v -1.665380 0.308035 0.058419
v -1.665380 0.308035 -0.058420
v -1.665380 0.366455 -0.049485
v -1.665380 0.401446 -0.034991
v -1.665379 0.415940 -0.000000
v -1.665380 0.401446 0.034991
v -1.665380 0.366455 0.049485
v -1.665380 0.331464 0.034991
v -1.665380 0.331464 -0.034991
v -1.548199 0.366455 -0.049485
v -1.548199 0.401446 -0.034991
v -1.548199 0.415939 -0.000000
v -1.548199 0.401446 0.034991
v -1.548199 0.366455 0.049485
v -1.548199 0.331464 0.034991
v -1.548199 0.331464 -0.034991
v -1.476359 0.277983 0.029058
v -1.561316 0.277983 0.029058
v -1.476359 0.265947 -0.000000
v -1.476359 0.277983 -0.029058
v -1.548199 0.353810 0.029058
v -1.548199 0.353810 -0.029058
v -1.665380 0.295874 0.029058
v -1.665380 0.329006 0.029058
v -1.572188 0.295158 0.029058
v -1.548199 0.329006 0.029058
v -1.548199 0.329006 -0.029058
v -1.665380 0.329006 -0.029058
v -1.572188 0.295158 -0.029058
v -1.665380 0.295874 -0.029058
v -1.561316 0.277983 -0.029058
v -1.256890 0.434292 -0.067837
v -1.256890 0.434292 0.067837
v -1.256890 0.366455 0.095936
v -1.256890 0.270519 -0.000000
v -1.256890 0.298618 -0.067837
v -1.256890 0.366455 -0.095936
v -1.256890 0.462391 -0.000000
v -1.256890 0.273842 0.037393
v -1.376176 0.366455 -0.095936
v -1.376176 0.434292 -0.067837
v -1.376176 0.434292 0.067837
v -1.376176 0.366455 0.095936
v -1.376176 0.462391 -0.000000
v -1.376176 0.273843 0.037393
v -1.376176 0.270519 -0.000000
v -1.376176 0.298618 -0.067837
v -1.256890 0.296734 0.159547
v -1.256890 0.248560 0.103392
v -1.376176 0.296734 0.159547
v -1.376176 0.248560 0.103392
v -1.256890 0.197674 0.220511
v -1.256890 0.187372 0.172159
v -1.376176 0.197674 0.220511
v -1.376176 0.187372 0.172160
v -1.264126 0.040213 0.264332
v -1.264126 0.028337 0.221318
v -1.368940 0.028337 0.221318
v -1.288437 0.020548 0.288418
v -1.250366 0.010308 0.254137
v -1.250366 0.007496 0.244726
v -1.288437 -0.002745 0.210444
v -1.263664 0.027293 0.220952
v -1.382701 0.010308 0.254137
v -1.344629 0.020549 0.288418
v -1.368942 0.040210 0.264335
v -1.344629 -0.002745 0.210444
v -1.382701 0.007496 0.244726
v -1.369402 0.027293 0.220952
v -1.248918 -0.014677 0.324305
v -1.210847 -0.024918 0.290023
v -1.210847 -0.041642 0.234041
v -1.248918 -0.051883 0.199759
v -1.422220 -0.024918 0.290023
v -1.384149 -0.014677 0.324305
v -1.384149 -0.051883 0.199759
v -1.422220 -0.041642 0.234041
v -1.248918 -0.069651 0.340727
v -1.210847 -0.079892 0.306446
v -1.210847 -0.096616 0.250463
v -1.248918 -0.106857 0.216182
v -1.422220 -0.079892 0.306445
v -1.384149 -0.069651 0.340727
v -1.384149 -0.106857 0.216182
v -1.422220 -0.096616 0.250463
v -1.278410 -0.104383 0.332174
v -1.240339 -0.114624 0.297893
v -1.240339 -0.120965 0.276665
v -1.278410 -0.131206 0.242384
v -1.392727 -0.114623 0.297893
v -1.354657 -0.104383 0.332174
v -1.354656 -0.131206 0.242384
v -1.392727 -0.120965 0.276665
v -1.310804 -0.129181 0.318792
v -1.310804 -0.144600 0.267175
v -1.322262 -0.129181 0.318792
v -1.322262 -0.144600 0.267175
vn -0.0000 -0.3827 0.9239
vn 1.0000 -0.0000 -0.0000
vn -1.0000 -0.0000 -0.0000
vn -0.0000 0.9239 0.3827
vn -0.8249 -0.2163 0.5222
vn -0.0000 -0.3827 -0.9239
vn -0.0071 0.9239 0.3827
vn -0.0071 -0.3827 0.9239
vn -0.0000 -1.0000 -0.0000
vn -0.8249 0.2163 -0.5222
vn -0.0000 0.9239 -0.3827
vn -0.0000 -0.9239 0.3827
vn -0.0000 -0.0000 -1.0000
vn -0.0000 0.3827 0.9239
vn -0.0000 0.3827 -0.9239
vn -0.8249 0.2163 0.5222
vn -0.8249 -0.5222 0.2163
vn -0.8249 0.5222 -0.2163
vn -0.8249 -0.5222 -0.2163
vn -0.0071 0.3827 0.9239
vn -0.0071 -0.3827 -0.9239
vn -0.0071 0.3827 -0.9239
vn -0.0071 -0.9239 -0.3827
vn -0.0071 0.9239 -0.3827
vn -0.0000 -0.9239 -0.3827
vn -0.8249 -0.2163 -0.5222
vn -0.8249 0.5222 0.2163
vn -0.0000 -0.0000 1.0000
vn -0.0071 -0.9239 0.3827
vn -0.0000 -0.2953 -0.9554
vn 0.0009 -0.2973 -0.9548
vn -0.0018 -0.2939 -0.9558
vn 0.4801 0.8295 0.2854
vn 0.4786 0.8301 0.2862
vn -0.0000 -0.8798 -0.4753
vn -0.0000 -0.9961 0.0885
vn -0.0000 0.5241 0.8516
vn 0.0002 0.5244 0.8515
vn -0.0000 -0.9338 -0.3577
vn -0.6848 -0.2086 -0.6982
vn -0.0000 -0.7325 -0.6807
vn 0.6848 -0.2086 -0.6982
vn 0.8838 0.4508 -0.1255
vn 0.8890 0.4382 -0.1330
vn 0.8887 0.4394 -0.1313
vn -0.0000 -0.7471 -0.6647
vn -0.7430 0.6411 -0.1921
vn -0.7442 0.6401 -0.1912
vn -0.7226 -0.6623 0.1979
vn 0.6770 0.0615 0.7334
vn 0.6766 0.0634 0.7336
vn 0.6791 -0.3308 -0.6553
vn -0.6764 0.0597 0.7341
vn -0.6770 0.0613 0.7335
vn -0.6791 -0.3308 -0.6553
vn 0.4801 0.5370 -0.6936
vn -0.6848 0.2086 0.6982
vn 0.3268 -0.9416 -0.0817
vn 0.3268 -0.7425 0.5847
vn -0.3268 -0.7425 0.5847
vn -0.4815 0.8290 0.2843
vn -0.4801 0.8295 0.2854
vn -0.0000 0.7746 0.6324
vn -0.4644 -0.8456 -0.2631
vn 0.7442 0.6401 -0.1912
vn -0.0000 -0.4749 0.8800
vn 0.7226 -0.6623 0.1979
vn 0.4644 -0.5628 0.6838
vn -0.0000 -0.2391 0.9710
vn -0.0000 -0.2862 -0.9582
vn -0.0000 0.2125 -0.9772
vn -0.0000 0.7136 0.7005
vn -0.0000 0.3302 -0.9439
vn 0.0010 0.3319 -0.9433
vn -0.4801 0.5370 -0.6936
vn -0.0000 0.2862 0.9582
vn -0.2722 -0.9220 0.2754
vn -0.0000 -0.9582 0.2862
vn 0.6848 0.2086 0.6982
vn -0.4644 -0.5628 0.6838
vn 0.2722 -0.9220 0.2754
vn -0.0000 0.6740 0.7387
vn -0.0000 0.2681 0.9634
vn -0.8848 0.4496 -0.1222
vn -0.8888 0.4385 -0.1335
vn -0.8887 0.4394 -0.1312
vn -0.3268 -0.9416 -0.0817
vn 0.4644 -0.8456 -0.2631
vn -0.9990 -0.0426 0.0091
vn -0.9989 -0.0441 0.0137
vn -0.9990 -0.0426 0.0117
vn -0.9990 -0.0427 0.0091
vn 0.9990 -0.0431 0.0125
vn 0.9990 -0.0431 0.0124
vn 0.9990 -0.0426 0.0118
vn 0.9990 -0.0446 0.0077
vn 0.9990 -0.0445 0.0078
vn 0.8887 0.4393 -0.1314
vn 0.8838 0.4508 -0.1256
vn 0.8838 0.4507 -0.1255
vn 0.8847 0.4494 -0.1241
vn -0.4815 0.8290 0.2844
vn 0.7453 0.6392 -0.1896
vn 0.0015 0.3316 -0.9434
vn 0.0014 0.3315 -0.9434
vn -0.8847 0.4494 -0.1241
vn -0.8887 0.4385 -0.1337
vn -0.8887 0.4392 -0.1315
vn -0.8886 0.4395 -0.1313
vt 0.593750 0.972656
vt 0.886719 0.978516
vt 0.947266 0.683594
vt 0.955078 0.683594
vt 0.603516 0.972656
vt 0.955078 0.976562
vt 0.335938 0.986328
vt 0.916016 0.980469
vt 0.335938 0.980469
vt 0.916016 0.986328
vt 0.412109 0.982422
vt 0.916016 0.992188
vt 0.412109 0.990234
vt 0.986328 0.277344
vt 0.412109 0.996094
vt 0.986328 0.269531
vt 0.335938 0.994141
vt 0.986328 0.263672
vt 0.337891 0.986328
vt 0.611328 0.929688
vt 0.605469 0.929688
vt 0.917969 0.980469
vt 0.337891 0.980469
vt 0.599609 0.925781
vt 0.917969 0.986328
vt 0.599609 0.917969
vt 0.416016 0.982422
vt 0.917969 0.992188
vt 0.605469 0.914062
vt 0.416016 0.990234
vt 0.988281 0.277344
vt 0.611328 0.914062
vt 0.416016 0.996094
vt 0.617188 0.917969
vt 0.988281 0.269531
vt 0.337891 0.994141
vt 0.617188 0.925781
vt 0.988281 0.263672
vt 0.613281 0.937500
vt 0.955078 0.279297
vt 0.601562 0.937500
vt 0.968750 0.851562
vt 0.943359 0.279297
vt 0.593750 0.927734
vt 0.957031 0.851562
vt 0.818359 0.957031
vt 0.945312 0.851562
vt 0.593750 0.916016
vt 0.601562 0.906250
vt 0.830078 0.957031
vt 0.839844 0.957031
vt 0.613281 0.906250
vt 0.945312 0.107422
vt 0.623047 0.916016
vt 0.955078 0.107422
vt 0.623047 0.927734
vt 0.966797 0.279297
vt 0.966797 0.107422
vt 0.955078 0.250000
vt 0.398438 0.937500
vt 0.968750 0.880859
vt 0.390625 0.929688
vt 0.943359 0.250000
vt 0.957031 0.880859
vt 0.390625 0.917969
vt 0.818359 0.929688
vt 0.945312 0.880859
vt 0.398438 0.908203
vt 0.830078 0.929688
vt 0.412109 0.908203
vt 0.945312 0.136719
vt 0.839844 0.929688
vt 0.419922 0.917969
vt 0.412109 0.937500
vt 0.966797 0.250000
vt 0.966797 0.136719
vt 0.400391 0.935547
vt 0.457031 0.972656
vt 0.457031 0.982422
vt 0.392578 0.927734
vt 0.017578 0.986328
vt 0.017578 0.976562
vt 0.392578 0.917969
vt 0.017578 0.966797
vt 0.832031 0.982422
vt 0.400391 0.912109
vt 0.832031 0.974609
vt 0.410156 0.912109
vt 0.417969 0.917969
vt 0.832031 0.964844
vt 0.966797 0.244141
vt 0.457031 0.962891
vt 0.945312 0.976562
vt 0.410156 0.935547
vt 0.664062 0.947266
vt 0.443359 0.972656
vt 0.664062 0.957031
vt 0.443359 0.982422
vt 0.003906 0.986328
vt 0.658203 0.964844
vt 0.003906 0.976562
vt 0.648438 0.964844
vt 0.003906 0.968750
vt 0.818359 0.982422
vt 0.640625 0.957031
vt 0.818359 0.974609
vt 0.640625 0.947266
vt 0.818359 0.964844
vt 0.966797 0.228516
vt 0.658203 0.939453
vt 0.443359 0.962891
vt 0.945312 0.992188
vt 0.050781 0.966797
vt 0.660156 0.949219
vt 0.044922 0.966797
vt 0.660156 0.955078
vt 0.091797 0.986328
vt 0.656250 0.958984
vt 0.085938 0.986328
vt 0.650391 0.958984
vt 0.062500 0.966797
vt 0.080078 0.986328
vt 0.644531 0.955078
vt 0.068359 0.966797
vt 0.644531 0.949219
vt 0.074219 0.966797
vt 0.839844 0.982422
vt 0.994141 0.021484
vt 0.656250 0.945312
vt 0.056641 0.966797
vt 0.914062 0.814453
vt 0.050781 0.986328
vt 0.044922 0.986328
vt 0.917969 0.818359
vt 0.091797 0.966797
vt 0.917969 0.824219
vt 0.085938 0.966797
vt 0.062500 0.986328
vt 0.914062 0.828125
vt 0.080078 0.966797
vt 0.908203 0.828125
vt 0.068359 0.986328
vt 0.074219 0.986328
vt 0.904297 0.824219
vt 0.839844 0.964844
vt 0.994141 0.003906
vt 0.908203 0.814453
vt 0.056641 0.986328
vt 0.951172 0.123047
vt 0.898438 0.978516
vt 0.947266 0.671875
vt 0.951172 0.136719
vt 0.898438 0.964844
vt 0.419922 0.923828
vt 0.955078 0.123047
vt 0.951172 0.669922
vt 0.960938 0.123047
vt 0.966797 0.976562
vt 0.955078 0.671875
vt 0.593750 0.984375
vt 0.886719 0.966797
vt 0.906250 0.824219
vt 0.603516 0.984375
vt 0.910156 0.816406
vt 0.955078 0.964844
vt 0.960938 0.228516
vt 0.644531 0.943359
vt 0.896484 0.949219
vt 0.646484 0.949219
vt 0.890625 0.949219
vt 0.839844 0.982422
vt 0.896484 0.962891
vt 0.417969 0.923828
vt 0.960938 0.244141
vt 0.839844 0.964844
vt 0.890625 0.966797
vt 0.904297 0.822266
vt 0.992188 0.003906
vt 0.906250 0.814453
vt 0.958984 0.964844
vt 0.654297 0.945312
vt 0.992188 0.021484
vt 0.958984 0.947266
vt 0.414062 0.931641
vt 0.941406 0.976562
vt 0.962891 0.960938
vt 0.652344 0.939453
vt 0.941406 0.992188
vt 0.962891 0.947266
vt 0.416016 0.933594
vt 0.960938 0.136719
vt 0.966797 0.962891
vt 0.480469 0.947266
vt 0.808594 0.769531
vt 0.505859 0.947266
vt 0.505859 0.968750
vt 0.826172 0.781250
vt 0.933594 0.480469
vt 0.933594 0.470703
vt 0.824219 0.792969
vt 0.802734 0.796875
vt 0.939453 0.552734
vt 0.796875 0.787109
vt 0.480469 0.968750
vt 0.939453 0.542969
vt 0.480469 0.957031
vt 0.798828 0.775391
vt 0.820312 0.771484
vt 0.505859 0.957031
vt 0.808594 0.798828
vt 0.939453 0.558594
vt 0.878906 0.179688
vt 0.500000 0.957031
vt 0.500000 0.947266
vt 0.888672 0.173828
vt 0.525391 0.947266
vt 0.906250 0.185547
vt 0.914062 0.480469
vt 0.525391 0.968750
vt 0.904297 0.197266
vt 0.914062 0.470703
vt 0.898438 0.175781
vt 0.525391 0.957031
vt 0.888672 0.205078
vt 0.958984 0.558594
vt 0.882812 0.201172
vt 0.958984 0.552734
vt 0.958984 0.542969
vt 0.876953 0.191406
vt 0.500000 0.968750
vt 0.826172 0.806641
vt 0.933594 0.458984
vt 0.814453 0.808594
vt 0.939453 0.570312
vt 0.906250 0.212891
vt 0.914062 0.458984
vt 0.894531 0.212891
vt 0.958984 0.570312
vt 0.933594 0.443359
vt 0.826172 0.826172
vt 0.890625 0.003906
vt 0.818359 0.822266
vt 0.939453 0.580078
vt 0.904297 0.230469
vt 0.914062 0.443359
vt 0.898438 0.228516
vt 0.910156 0.003906
vt 0.958984 0.580078
vt 0.919922 0.894531
vt 0.816406 0.849609
vt 0.576172 0.968750
vt 0.931641 0.417969
vt 0.810547 0.847656
vt 0.892578 0.029297
vt 0.908203 0.029297
vt 0.890625 0.253906
vt 0.916016 0.892578
vt 0.580078 0.964844
vt 0.919922 0.888672
vt 0.574219 0.970703
vt 0.812500 0.853516
vt 0.890625 0.031250
vt 0.812500 0.853516
vt 0.806641 0.851562
vt 0.896484 0.033203
vt 0.810547 0.847656
vt 0.892578 0.029297
vt 0.931641 0.894531
vt 0.574219 0.951172
vt 0.892578 0.257812
vt 0.927734 0.888672
vt 0.580078 0.957031
vt 0.931641 0.888672
vt 0.576172 0.953125
vt 0.916016 0.417969
vt 0.896484 0.255859
vt 0.886719 0.255859
vt 0.904297 0.033203
vt 0.910156 0.031250
vt 0.892578 0.257812
vt 0.908203 0.029297
vt 0.890625 0.253906
vt 0.585938 0.972656
vt 0.951172 0.406250
vt 0.953125 0.412109
vt 0.580078 0.978516
vt 0.814453 0.861328
vt 0.806641 0.859375
vt 0.882812 0.039062
vt 0.888672 0.041016
vt 0.894531 0.265625
vt 0.953125 0.378906
vt 0.580078 0.943359
vt 0.585938 0.951172
vt 0.951172 0.384766
vt 0.910156 0.041016
vt 0.917969 0.039062
vt 0.886719 0.263672
vt 0.960938 0.406250
vt 0.812500 0.869141
vt 0.962891 0.412109
vt 0.951172 0.664062
vt 0.882812 0.048828
vt 0.802734 0.867188
vt 0.888672 0.050781
vt 0.947266 0.656250
vt 0.962891 0.378906
vt 0.892578 0.275391
vt 0.960938 0.384766
vt 0.910156 0.050781
vt 0.947266 0.634766
vt 0.917969 0.048828
vt 0.951172 0.628906
vt 0.882812 0.271484
vt 0.964844 0.652344
vt 0.966797 0.400391
vt 0.958984 0.658203
vt 0.808594 0.873047
vt 0.966797 0.406250
vt 0.804688 0.873047
vt 0.957031 0.658203
vt 0.951172 0.652344
vt 0.888672 0.279297
vt 0.958984 0.634766
vt 0.966797 0.382812
vt 0.964844 0.640625
vt 0.966797 0.388672
vt 0.951172 0.640625
vt 0.884766 0.277344
vt 0.957031 0.634766
vt 0.970703 0.396484
vt 0.962891 0.646484
vt 0.955078 0.646484
vt 0.970703 0.394531
vt 0.962891 0.644531
vt 0.955078 0.644531
s 0
usemtl Material.013
f 1064/2470/680 1072/2490/680 1065/2472/680
f 1030/2383/681 1029/2381/681 1037/2401/681
f 1065/2473/682 1066/2475/682 1059/2457/682
f 1089/2539/683 1077/2503/683 1070/2485/683
f 1047/2427/684 1055/2446/684 1048/2430/684
f 1034/2393/685 1019/2364/685 1026/2374/685
f 1052/2439/686 1060/2460/686 1053/2441/686
f 1061/2463/687 1055/2447/687 1054/2444/687
f 1068/2481/685 1074/2495/685 1075/2499/685
f 1082/2517/688 1018/2362/688 1017/2358/688
f 1050/2434/689 1044/2419/689 1043/2417/689
f 1037/2402/690 1044/2418/690 1045/2421/690
f 1078/2506/691 1080/2512/691 1041/2412/691
f 1087/2533/692 1017/2359/692 1078/2507/692
f 1039/2407/680 1048/2429/680 1040/2408/680
f 1028/2379/690 1021/2367/690 1020/2365/690
f 1046/2423/693 1039/2407/693 1038/2403/693
f 1027/2376/694 1020/2366/694 1019/2364/694
f 1032/2388/691 1025/2373/691 1024/2371/691
f 1030/2384/693 1023/2370/693 1022/2368/693
f 1034/2394/681 1033/2391/681 1041/2411/681
f 1037/2402/683 1046/2424/683 1038/2404/683
f 1047/2427/695 1053/2443/695 1054/2445/695
f 1086/2530/696 1048/2430/696 1055/2446/696
f 1045/2422/697 1051/2437/697 1052/2440/697
f 1043/2416/694 1036/2400/694 1035/2397/694
f 1075/2498/682 1074/2496/682 1082/2519/682
f 1049/2431/698 1090/2541/698 1056/2451/698
f 1053/2442/699 1061/2463/699 1054/2444/699
f 1063/2468/700 1050/2435/700 1056/2449/700
f 1070/2487/693 1071/2489/693 1064/2470/693
f 1069/2483/694 1075/2499/694 1076/2500/694
f 1085/2528/690 1076/2502/690 1087/2532/690
f 1031/2387/680 1024/2372/680 1023/2370/680
f 1050/2435/701 1058/2455/701 1051/2436/701
f 1090/2542/702 1063/2469/702 1056/2450/702
f 1052/2439/703 1058/2456/703 1059/2458/703
f 1066/2476/691 1072/2492/691 1073/2494/691
f 1073/2494/704 1067/2479/704 1066/2476/704
f 1043/2417/705 1056/2451/705 1050/2434/705
f 1033/2392/704 1026/2375/704 1025/2373/704
f 1035/2397/685 1049/2432/685 1043/2416/685
f 1029/2382/683 1022/2369/683 1021/2367/683
f 1041/2412/704 1080/2512/704 1081/2514/704
f 1045/2422/706 1053/2443/706 1046/2425/706
f 1092/2549/707 1081/2515/707 1088/2537/707
f 1017/2360/682 1018/2361/682 1081/2516/682
f 1086/2531/708 1062/2466/708 1084/2523/708
f 1093/2550/694 1101/2570/694 1102/2571/694
f 1106/2581/682 1112/2594/682 1104/2577/682
f 1116/2604/709 1118/2611/710 1119/2612/711
f 1131/2640/712 1121/2617/713 1120/2615/712
f 1150/2679/714 1158/2693/714 1153/2685/714
f 1095/2557/681 1110/2590/681 1100/2567/681
f 1106/2582/715 1096/2559/715 1100/2568/715
f 1094/2555/693 1104/2578/693 1095/2556/693
f 1097/2561/685 1101/2570/685 1098/2563/685
f 1132/2644/681 1141/2661/681 1133/2645/681
f 1109/2589/716 1115/2602/716 1113/2596/717
f 1100/2568/718 1112/2595/718 1106/2582/718
f 1137/2653/719 1146/2669/719 1138/2654/719
f 1142/2663/720 1153/2685/720 1145/2668/720
f 1141/2660/721 1134/2647/721 1133/2646/721
f 1118/2610/722 1121/2618/723 1122/2620/724
f 1114/2600/725 1112/2595/725 1110/2591/725
f 1125/2627/726 1138/2655/727 1135/2648/727
f 1097/2562/704 1107/2584/704 1108/2585/704
f 1143/2665/728 1154/2686/728 1151/2680/728
f 1120/2614/729 1121/2616/730 1117/2606/729
f 1122/2620/731 1123/2621/731 1124/2623/731
f 1125/2625/732 1126/2628/733 1127/2630/733
f 1128/2634/734 1129/2637/734 1130/2639/734
f 1122/2619/735 1134/2647/735 1123/2622/735
f 1135/2649/736 1144/2666/736 1136/2652/736
f 1149/2678/737 1156/2690/737 1150/2679/737
f 1147/2672/738 1155/2689/738 1148/2674/738
f 1151/2681/739 1157/2692/739 1152/2683/739
f 1125/2626/740 1136/2651/741 1126/2629/741
f 1117/2608/742 1126/2629/742 1120/2615/742
f 1154/2687/743 1145/2668/743 1153/2685/743
f 1122/2620/744 1132/2644/744 1133/2645/744
f 1099/2566/690 1102/2573/690 1105/2580/690
f 1147/2673/745 1157/2691/745 1155/2688/745
f 1148/2675/746 1141/2661/746 1140/2657/746
f 1139/2656/747 1148/2676/747 1140/2658/747
f 1144/2666/748 1147/2673/748 1139/2656/748
f 1099/2566/683 1103/2576/683 1094/2553/683
f 1137/2653/749 1142/2662/749 1145/2667/749
f 1134/2647/750 1128/2635/750 1123/2622/750
f 1136/2651/751 1120/2615/751 1126/2629/751
f 1123/2622/752 1128/2635/752 1119/2612/753
f 1129/2636/754 1137/2653/754 1138/2654/754
f 1131/2641/755 1144/2666/755 1139/2656/755
f 1154/2687/756 1157/2692/756 1151/2681/756
f 1138/2655/682 1143/2665/682 1135/2648/682
f 1156/2690/757 1157/2692/757 1158/2693/757
f 1131/2641/758 1140/2658/758 1132/2642/758
f 1151/2682/759 1144/2666/759 1143/2664/759
f 1155/2689/760 1149/2678/760 1148/2674/760
f 1104/2578/761 1109/2589/761 1095/2556/761
f 1115/2602/762 1117/2609/762 1113/2596/762
f 1125/2627/763 1119/2613/764 1129/2637/765
f 1158/2693/766 1154/2687/766 1153/2685/766
f 1149/2678/767 1142/2663/767 1141/2659/767
f 1064/2470/680 1071/2489/680 1072/2490/680
f 1027/2377/681 1042/2413/681 1035/2396/681
f 1035/2396/681 1036/2398/681 1028/2378/681
f 1036/2398/681 1037/2401/681 1028/2378/681
f 1037/2401/681 1038/2405/681 1030/2383/681
f 1038/2405/681 1039/2406/681 1030/2383/681
f 1039/2406/681 1040/2409/681 1032/2389/681
f 1040/2409/681 1041/2411/681 1032/2389/681
f 1028/2378/681 1027/2377/681 1035/2396/681
f 1039/2406/681 1032/2389/681 1031/2386/681
f 1039/2406/681 1031/2386/681 1030/2383/681
f 1029/2381/681 1028/2378/681 1037/2401/681
f 1069/2482/682 1085/2526/682 1084/2524/682
f 1084/2524/682 1062/2464/682 1069/2482/682
f 1062/2464/682 1061/2462/682 1069/2482/682
f 1061/2462/682 1060/2459/682 1067/2477/682
f 1060/2459/682 1059/2457/682 1067/2477/682
f 1059/2457/682 1058/2454/682 1065/2473/682
f 1058/2454/682 1057/2452/682 1065/2473/682
f 1057/2452/682 1063/2467/682 1064/2471/682
f 1063/2467/682 1091/2544/682 1070/2486/682
f 1064/2471/682 1063/2467/682 1070/2486/682
f 1091/2544/682 1089/2538/682 1070/2486/682
f 1068/2480/682 1069/2482/682 1061/2462/682
f 1057/2452/682 1064/2471/682 1065/2473/682
f 1067/2477/682 1068/2480/682 1061/2462/682
f 1066/2475/682 1067/2477/682 1059/2457/682
f 1089/2539/683 1088/2535/683 1077/2503/683
f 1047/2427/684 1054/2445/684 1055/2446/684
f 1034/2393/685 1027/2376/685 1019/2364/685
f 1052/2439/686 1059/2458/686 1060/2460/686
f 1061/2463/687 1062/2465/687 1055/2447/687
f 1068/2481/685 1067/2478/685 1074/2495/685
f 1082/2517/688 1083/2520/688 1018/2362/688
f 1050/2434/689 1051/2437/689 1044/2419/689
f 1037/2402/690 1036/2399/690 1044/2418/690
f 1041/2412/691 1040/2410/691 1078/2506/691
f 1040/2410/691 1048/2428/691 1078/2506/691
f 1048/2428/691 1079/2509/691 1078/2506/691
f 1086/2529/692 1084/2525/692 1085/2527/692
f 1087/2533/692 1082/2518/692 1017/2359/692
f 1086/2529/692 1085/2527/692 1087/2533/692
f 1078/2507/692 1079/2510/692 1087/2533/692
f 1079/2510/692 1086/2529/692 1087/2533/692
f 1039/2407/680 1047/2426/680 1048/2429/680
f 1028/2379/690 1029/2382/690 1021/2367/690
f 1046/2423/693 1047/2426/693 1039/2407/693
f 1027/2376/694 1028/2380/694 1020/2366/694
f 1032/2388/691 1033/2392/691 1025/2373/691
f 1030/2384/693 1031/2387/693 1023/2370/693
f 1042/2413/681 1027/2377/681 1034/2394/681
f 1033/2391/681 1032/2389/681 1041/2411/681
f 1042/2413/681 1034/2394/681 1041/2411/681
f 1037/2402/683 1045/2421/683 1046/2424/683
f 1047/2427/695 1046/2425/695 1053/2443/695
f 1086/2530/696 1079/2511/696 1048/2430/696
f 1045/2422/697 1044/2419/697 1051/2437/697
f 1043/2416/694 1044/2420/694 1036/2400/694
f 1074/2496/682 1073/2493/682 1082/2519/682
f 1073/2493/682 1072/2491/682 1083/2521/682
f 1082/2519/682 1073/2493/682 1083/2521/682
f 1072/2491/682 1071/2488/682 1083/2521/682
f 1071/2488/682 1077/2504/682 1083/2521/682
f 1077/2504/682 1088/2536/682 1083/2521/682
f 1082/2519/682 1087/2534/682 1076/2501/682
f 1082/2519/682 1076/2501/682 1075/2498/682
f 1049/2431/698 1092/2547/698 1090/2541/698
f 1053/2442/699 1060/2461/699 1061/2463/699
f 1063/2468/700 1057/2453/700 1050/2435/700
f 1070/2487/693 1077/2505/693 1071/2489/693
f 1069/2483/694 1068/2481/694 1075/2499/694
f 1085/2528/690 1069/2484/690 1076/2502/690
f 1031/2387/680 1032/2390/680 1024/2372/680
f 1050/2435/701 1057/2453/701 1058/2455/701
f 1090/2542/702 1091/2545/702 1063/2469/702
f 1052/2439/703 1051/2438/703 1058/2456/703
f 1066/2476/691 1065/2474/691 1072/2492/691
f 1073/2494/704 1074/2497/704 1067/2479/704
f 1043/2417/705 1049/2431/705 1056/2451/705
f 1033/2392/704 1034/2395/704 1026/2375/704
f 1035/2397/685 1042/2414/685 1049/2432/685
f 1029/2382/683 1030/2385/683 1022/2369/683
f 1092/2548/704 1049/2433/704 1081/2514/704
f 1049/2433/704 1042/2415/704 1081/2514/704
f 1042/2415/704 1041/2412/704 1081/2514/704
f 1045/2422/706 1052/2440/706 1053/2443/706
f 1081/2515/707 1018/2363/707 1088/2537/707
f 1018/2363/707 1083/2522/707 1088/2537/707
f 1088/2537/707 1089/2540/707 1090/2543/707
f 1089/2540/707 1091/2546/707 1090/2543/707
f 1090/2543/707 1092/2549/707 1088/2537/707
f 1080/2513/682 1078/2508/682 1081/2516/682
f 1078/2508/682 1017/2360/682 1081/2516/682
f 1086/2531/708 1055/2448/708 1062/2466/708
f 1093/2550/694 1098/2563/694 1101/2570/694
f 1116/2603/768 1119/2613/769 1115/2601/682
f 1119/2613/769 1127/2633/770 1115/2601/682
f 1115/2601/682 1111/2592/682 1116/2603/771
f 1104/2577/682 1103/2574/682 1105/2579/682
f 1111/2592/682 1104/2577/682 1112/2594/682
f 1116/2603/771 1111/2592/682 1112/2594/682
f 1104/2577/682 1105/2579/682 1102/2572/682
f 1102/2572/682 1101/2569/682 1108/2586/682
f 1108/2586/682 1107/2583/682 1104/2577/682
f 1107/2583/682 1106/2581/682 1104/2577/682
f 1102/2572/682 1108/2586/682 1104/2577/682
f 1116/2604/709 1114/2598/709 1118/2611/710
f 1131/2640/712 1132/2643/712 1121/2617/713
f 1150/2679/714 1156/2690/714 1158/2693/714
f 1109/2588/681 1113/2597/772 1114/2599/681
f 1113/2597/773 1117/2607/774 1118/2610/775
f 1114/2599/681 1113/2597/772 1118/2610/776
f 1099/2565/681 1094/2554/681 1095/2557/681
f 1095/2557/681 1109/2588/681 1110/2590/681
f 1109/2588/681 1114/2599/681 1110/2590/681
f 1093/2551/681 1099/2565/681 1097/2560/681
f 1099/2565/681 1095/2557/681 1097/2560/681
f 1097/2560/681 1098/2564/681 1093/2551/681
f 1100/2567/681 1096/2558/681 1095/2557/681
f 1096/2558/681 1097/2560/681 1095/2557/681
f 1106/2582/715 1107/2584/715 1096/2559/715
f 1094/2555/693 1103/2575/693 1104/2578/693
f 1097/2561/685 1108/2587/685 1101/2570/685
f 1132/2644/681 1140/2657/681 1141/2661/681
f 1109/2589/716 1111/2593/716 1115/2602/716
f 1100/2568/718 1110/2591/718 1112/2595/718
f 1137/2653/719 1145/2667/719 1146/2669/719
f 1142/2663/720 1150/2679/720 1153/2685/720
f 1141/2660/721 1142/2662/721 1134/2647/721
f 1122/2620/777 1124/2623/777 1118/2610/778
f 1118/2610/779 1117/2607/780 1121/2618/723
f 1114/2600/725 1116/2605/725 1112/2595/725
f 1125/2627/726 1129/2637/727 1138/2655/727
f 1097/2562/704 1096/2559/704 1107/2584/704
f 1143/2665/728 1146/2671/728 1154/2686/728
f 1122/2619/735 1133/2646/735 1134/2647/735
f 1135/2649/736 1143/2664/736 1144/2666/736
f 1125/2626/781 1135/2650/741 1136/2651/741
f 1117/2608/742 1127/2631/742 1126/2629/742
f 1154/2687/743 1146/2670/743 1145/2668/743
f 1122/2620/744 1121/2618/782 1132/2644/744
f 1099/2566/690 1093/2552/690 1102/2573/690
f 1147/2673/745 1152/2684/745 1157/2691/745
f 1148/2675/746 1149/2677/746 1141/2661/746
f 1139/2656/747 1147/2673/747 1148/2676/747
f 1144/2666/748 1152/2684/748 1147/2673/748
f 1099/2566/683 1105/2580/683 1103/2576/683
f 1137/2653/749 1134/2647/749 1142/2662/749
f 1134/2647/750 1137/2653/750 1128/2635/750
f 1136/2651/751 1131/2640/751 1120/2615/751
f 1130/2638/752 1119/2612/753 1128/2635/752
f 1119/2612/753 1118/2611/783 1123/2622/752
f 1118/2611/784 1124/2624/752 1123/2622/752
f 1129/2636/754 1128/2635/754 1137/2653/754
f 1131/2641/755 1136/2652/755 1144/2666/755
f 1154/2687/756 1158/2693/756 1157/2692/756
f 1138/2655/682 1146/2671/682 1143/2665/682
f 1156/2690/757 1155/2689/757 1157/2692/757
f 1131/2641/758 1139/2656/758 1140/2658/758
f 1151/2682/759 1152/2684/759 1144/2666/759
f 1155/2689/760 1156/2690/760 1149/2678/760
f 1104/2578/761 1111/2593/761 1109/2589/761
f 1115/2602/762 1127/2632/762 1117/2609/762
f 1127/2633/785 1119/2613/764 1125/2627/763
f 1119/2613/786 1130/2639/787 1129/2637/788
f 1149/2678/767 1150/2679/767 1142/2663/767
